SampleID,Species,Project,SampleSite,Valley,CollectionYear,CollectionDate,WaypointName,UTMzone,Easting,Northing,Habitat,Collector,Affiliation,LibPrepYear,PreppedBy,Library,Well,Notes
BSN_02,Relict dace,Johnson Springs Wetland Complex,Big Spring North,Goshute Valley,2019,,BSN,11,709112.432,4538023.224,,Sarah Epstein,SWCA,2022,Melanie LaCava,1,B1,
BSN_03,Relict dace,Johnson Springs Wetland Complex,Big Spring North,Goshute Valley,2019,,BSN,11,709112.432,4538023.224,,Sarah Epstein,SWCA,2022,Melanie LaCava,1,C1,
BSN_04,Relict dace,Johnson Springs Wetland Complex,Big Spring North,Goshute Valley,2019,,BSN,11,709112.432,4538023.224,,Sarah Epstein,SWCA,2022,Melanie LaCava,1,D1,
BSN_05,Relict dace,Johnson Springs Wetland Complex,Big Spring North,Goshute Valley,2019,,BSN,11,709112.432,4538023.224,,Sarah Epstein,SWCA,2022,Melanie LaCava,1,E1,
BSN_06,Relict dace,Johnson Springs Wetland Complex,Big Spring North,Goshute Valley,2019,,BSN,11,709112.432,4538023.224,,Sarah Epstein,SWCA,2022,Melanie LaCava,1,F1,
BSN_07,Relict dace,Johnson Springs Wetland Complex,Big Spring North,Goshute Valley,2019,,BSN,11,709112.432,4538023.224,,Sarah Epstein,SWCA,2022,Melanie LaCava,1,G1,
BSN_10,Relict dace,Johnson Springs Wetland Complex,Big Spring North,Goshute Valley,2019,,BSN,11,709112.432,4538023.224,,Sarah Epstein,SWCA,2022,Melanie LaCava,1,B2,
BSN_11,Relict dace,Johnson Springs Wetland Complex,Big Spring North,Goshute Valley,2019,,BSN,11,709112.432,4538023.224,,Sarah Epstein,SWCA,2022,Melanie LaCava,1,C2,
BSN_12,Relict dace,Johnson Springs Wetland Complex,Big Spring North,Goshute Valley,2019,,BSN,11,709112.432,4538023.224,,Sarah Epstein,SWCA,2022,Melanie LaCava,1,D2,
BSN_13,Relict dace,Johnson Springs Wetland Complex,Big Spring North,Goshute Valley,2019,,BSN,11,709112.432,4538023.224,,Sarah Epstein,SWCA,2022,Melanie LaCava,1,E2,
D01_1,Relict dace,Johnson Springs Wetland Complex,DItch 01,Goshute Valley,2019,,D01,11,709843.8984,4539970.967,,Sarah Epstein,SWCA,2022,Melanie LaCava,5,D2,
D01_2,Relict dace,Johnson Springs Wetland Complex,DItch 01,Goshute Valley,2019,,D01,11,709843.8984,4539970.967,,Sarah Epstein,SWCA,2022,Melanie LaCava,5,E2,
D01_3,Relict dace,Johnson Springs Wetland Complex,DItch 01,Goshute Valley,2019,,D01,11,709843.8984,4539970.967,,Sarah Epstein,SWCA,2022,Melanie LaCava,5,F2,
D01_4,Relict dace,Johnson Springs Wetland Complex,DItch 01,Goshute Valley,2019,,D01,11,709843.8984,4539970.967,,Sarah Epstein,SWCA,2022,Melanie LaCava,5,G2,
D01_5,Relict dace,Johnson Springs Wetland Complex,DItch 01,Goshute Valley,2019,,D01,11,709843.8984,4539970.967,,Sarah Epstein,SWCA,2022,Melanie LaCava,5,H2,
D01_6,Relict dace,Johnson Springs Wetland Complex,DItch 01,Goshute Valley,2019,,D01,11,709843.8984,4539970.967,,Sarah Epstein,SWCA,2022,Melanie LaCava,5,A3,
D01_7,Relict dace,Johnson Springs Wetland Complex,DItch 01,Goshute Valley,2019,,D01,11,709843.8984,4539970.967,,Sarah Epstein,SWCA,2022,Melanie LaCava,5,B3,
D01_8,Relict dace,Johnson Springs Wetland Complex,DItch 01,Goshute Valley,2019,,D01,11,709843.8984,4539970.967,,Sarah Epstein,SWCA,2022,Melanie LaCava,5,C3,
D01_9,Relict dace,Johnson Springs Wetland Complex,DItch 01,Goshute Valley,2019,,D01,11,709843.8984,4539970.967,,Sarah Epstein,SWCA,2022,Melanie LaCava,5,D3,
D01_10,Relict dace,Johnson Springs Wetland Complex,DItch 01,Goshute Valley,2019,,D01,11,709843.8984,4539970.967,,Sarah Epstein,SWCA,2022,Melanie LaCava,5,E3,
D09_01,Relict dace,Johnson Springs Wetland Complex,Ditch 09,Goshute Valley,2019,,D09,11,709700.2836,4538678.394,,Sarah Epstein,SWCA,2022,Melanie LaCava,5,F10,
D09_02,Relict dace,Johnson Springs Wetland Complex,Ditch 09,Goshute Valley,2019,,D09,11,709700.2836,4538678.394,,Sarah Epstein,SWCA,2022,Melanie LaCava,5,G10,
D09_03,Relict dace,Johnson Springs Wetland Complex,Ditch 09,Goshute Valley,2019,,D09,11,709700.2836,4538678.394,,Sarah Epstein,SWCA,2022,Melanie LaCava,5,H10,
D09_04,Relict dace,Johnson Springs Wetland Complex,Ditch 09,Goshute Valley,2019,,D09,11,709700.2836,4538678.394,,Sarah Epstein,SWCA,2022,Melanie LaCava,5,A11,
D09_05,Relict dace,Johnson Springs Wetland Complex,Ditch 09,Goshute Valley,2019,,D09,11,709700.2836,4538678.394,,Sarah Epstein,SWCA,2022,Melanie LaCava,5,B11,
D09_06,Relict dace,Johnson Springs Wetland Complex,Ditch 09,Goshute Valley,2019,,D09,11,709700.2836,4538678.394,,Sarah Epstein,SWCA,2022,Melanie LaCava,5,C11,
D09_07,Relict dace,Johnson Springs Wetland Complex,Ditch 09,Goshute Valley,2019,,D09,11,709700.2836,4538678.394,,Sarah Epstein,SWCA,2022,Melanie LaCava,5,D11,
D09_08,Relict dace,Johnson Springs Wetland Complex,Ditch 09,Goshute Valley,2019,,D09,11,709700.2836,4538678.394,,Sarah Epstein,SWCA,2022,Melanie LaCava,5,E11,
D09_09,Relict dace,Johnson Springs Wetland Complex,Ditch 09,Goshute Valley,2019,,D09,11,709700.2836,4538678.394,,Sarah Epstein,SWCA,2022,Melanie LaCava,5,F11,
D09_10,Relict dace,Johnson Springs Wetland Complex,Ditch 09,Goshute Valley,2019,,D09,11,709700.2836,4538678.394,,Sarah Epstein,SWCA,2022,Melanie LaCava,5,G11,
COR_01,Relict dace,,Cordano Ranch,Butte Valley,2022,2/10/22,COR,11,691347,4437850,Spring head and spring brook,Heath Korell,Nevada Department of Wildlife,2022,Melanie LaCava,10,F10,
COR_02,Relict dace,,Cordano Ranch,Butte Valley,2022,2/10/22,COR,11,691347,4437850,Spring head and spring brook,Heath Korell,Nevada Department of Wildlife,2022,Melanie LaCava,10,G10,
COR_04,Relict dace,,Cordano Ranch,Butte Valley,2022,2/10/22,COR,11,691347,4437850,Spring head and spring brook,Heath Korell,Nevada Department of Wildlife,2022,Melanie LaCava,10,H10,
COR_05,Relict dace,,Cordano Ranch,Butte Valley,2022,2/10/22,COR,11,691347,4437850,Spring head and spring brook,Heath Korell,Nevada Department of Wildlife,2022,Melanie LaCava,10,A11,
COR_06,Relict dace,,Cordano Ranch,Butte Valley,2022,2/10/22,COR,11,691347,4437850,Spring head and spring brook,Heath Korell,Nevada Department of Wildlife,2022,Melanie LaCava,10,C11,
COR_09,Relict dace,,Cordano Ranch,Butte Valley,2022,2/10/22,COR,11,691347,4437850,Spring head and spring brook,Heath Korell,Nevada Department of Wildlife,2022,Melanie LaCava,10,E11,
COR_10,Relict dace,,Cordano Ranch,Butte Valley,2022,2/10/22,COR,11,691347,4437850,Spring head and spring brook,Heath Korell,Nevada Department of Wildlife,2022,Melanie LaCava,10,F11,
COR_11,Relict dace,,Cordano Ranch,Butte Valley,2022,2/10/22,COR,11,691347,4437850,Spring head and spring brook,Heath Korell,Nevada Department of Wildlife,2022,Melanie LaCava,10,A12,
COR_12,Relict dace,,Cordano Ranch,Butte Valley,2022,2/10/22,COR,11,691347,4437850,Spring head and spring brook,Heath Korell,Nevada Department of Wildlife,2022,Melanie LaCava,10,B12,
COR_15,Relict dace,,Cordano Ranch,Butte Valley,2022,2/10/22,COR,11,691347,4437850,Spring head and spring brook,Heath Korell,Nevada Department of Wildlife,2022,Melanie LaCava,10,C12,
COR_16,Relict dace,,Cordano Ranch,Butte Valley,2022,2/10/22,COR,11,691347,4437850,Spring head and spring brook,Sam Keely,Nevada Department of Wildlife,2022,Melanie LaCava,10,D12,
COR_17,Relict dace,,Cordano Ranch,Butte Valley,2022,2/10/22,COR,11,691347,4437850,Spring head and spring brook,Sam Keely,Nevada Department of Wildlife,2022,Melanie LaCava,10,E12,
COR_18,Relict dace,,Cordano Ranch,Butte Valley,2022,2/10/22,COR,11,691347,4437850,Spring head and spring brook,Chalie Scott,Nevada Department of Wildlife,2022,Melanie LaCava,10,F12,
COR_19,Relict dace,,Cordano Ranch,Butte Valley,2022,2/10/22,COR,11,691347,4437850,Spring head and spring brook,Chalie Scott,Nevada Department of Wildlife,2022,Melanie LaCava,10,G12,
COR_03,Relict dace,,Cordano Ranch,Butte Valley,2022,2/10/22,COR,11,691347,4437850,Spring head and spring brook,Heath Korell,Nevada Department of Wildlife,2022,Melanie LaCava,14,A3,
COR_07,Relict dace,,Cordano Ranch,Butte Valley,2022,2/10/22,COR,11,691347,4437850,Spring head and spring brook,Heath Korell,Nevada Department of Wildlife,2022,Melanie LaCava,14,B3,
COR_08,Relict dace,,Cordano Ranch,Butte Valley,2022,2/10/22,COR,11,691347,4437850,Spring head and spring brook,Heath Korell,Nevada Department of Wildlife,2022,Melanie LaCava,14,C3,
COR_13,Relict dace,,Cordano Ranch,Butte Valley,2022,2/10/22,COR,11,691347,4437850,Spring head and spring brook,Heath Korell,Nevada Department of Wildlife,2022,Melanie LaCava,14,D3,
COR_20,Relict dace,,Cordano Ranch,Butte Valley,2022,2/10/22,COR,11,691347,4437850,Spring head and spring brook,Chalie Scott,Nevada Department of Wildlife,2022,Melanie LaCava,14,E3,
STR_01,Relict dace,,Stratton Ranch,Butte Valley,2019,10/10/19,STR,11,671599,4442350,Spring Channel,Heath Korell,Nevada Department of Wildlife,2022,Melanie LaCava,14,F3,
STR_02,Relict dace,,Stratton Ranch,Butte Valley,2019,10/10/19,STR,11,671599,4442350,Spring Channel,Heath Korell,Nevada Department of Wildlife,2022,Melanie LaCava,14,G3,
STR_03,Relict dace,,Stratton Ranch,Butte Valley,2019,10/10/19,STR,11,671599,4442350,Spring Channel,Heath Korell,Nevada Department of Wildlife,2022,Melanie LaCava,14,H3,
STR_04,Relict dace,,Stratton Ranch,Butte Valley,2019,10/10/19,STR,11,671599,4442350,Spring Channel,Heath Korell,Nevada Department of Wildlife,2022,Melanie LaCava,14,A4,
STR_05,Relict dace,,Stratton Ranch,Butte Valley,2019,10/10/19,STR,11,671599,4442350,Spring Channel,Heath Korell,Nevada Department of Wildlife,2022,Melanie LaCava,14,B4,
STR_06,Relict dace,,Stratton Ranch,Butte Valley,2019,10/10/19,STR,11,671599,4442350,Spring Channel,Heath Korell,Nevada Department of Wildlife,2022,Melanie LaCava,14,C4,
STR_07,Relict dace,,Stratton Ranch,Butte Valley,2019,10/10/19,STR,11,671599,4442350,Spring Channel,Heath Korell,Nevada Department of Wildlife,2022,Melanie LaCava,14,D4,
STR_08,Relict dace,,Stratton Ranch,Butte Valley,2019,10/10/19,STR,11,671599,4442350,Spring Channel,Heath Korell,Nevada Department of Wildlife,2022,Melanie LaCava,14,E4,
STR_09,Relict dace,,Stratton Ranch,Butte Valley,2019,10/10/19,STR,11,671599,4442350,Spring Channel,Heath Korell,Nevada Department of Wildlife,2022,Melanie LaCava,14,F4,
STR_10,Relict dace,,Stratton Ranch,Butte Valley,2019,10/10/19,STR,11,671599,4442350,Spring Channel,Heath Korell,Nevada Department of Wildlife,2022,Melanie LaCava,14,G4,
STR_11,Relict dace,,Stratton Ranch,Butte Valley,2019,10/10/19,STR,11,671599,4442350,Spring Channel,Heath Korell,Nevada Department of Wildlife,2022,Melanie LaCava,14,H4,
STR_12,Relict dace,,Stratton Ranch,Butte Valley,2019,10/10/19,STR,11,671599,4442350,Spring Channel,Heath Korell,Nevada Department of Wildlife,2022,Melanie LaCava,14,A5,
STR_13,Relict dace,,Stratton Ranch,Butte Valley,2019,10/10/19,STR,11,671599,4442350,Spring Channel,Heath Korell,Nevada Department of Wildlife,2022,Melanie LaCava,14,B5,
STR_14,Relict dace,,Stratton Ranch,Butte Valley,2019,10/10/19,STR,11,671599,4442350,Spring Channel,Heath Korell,Nevada Department of Wildlife,2022,Melanie LaCava,14,C5,
STR_15,Relict dace,,Stratton Ranch,Butte Valley,2019,10/10/19,STR,11,671599,4442350,Spring Channel,Heath Korell,Nevada Department of Wildlife,2022,Melanie LaCava,14,D5,
NSR_01,Relict dace,,Spring north of Stratton Ranch,Butte Valley,2019,10/4/19,NSR,11,670476,4443283,reservoir outflow,Sam Keely,Nevada Department of Wildlife,2022,Melanie LaCava,14,E5,
NSR_02,Relict dace,,Spring north of Stratton Ranch,Butte Valley,2019,10/4/19,NSR,11,670476,4443283,reservoir outflow,Sam Keely,Nevada Department of Wildlife,2022,Melanie LaCava,14,F5,
NSR_04,Relict dace,,Spring north of Stratton Ranch,Butte Valley,2019,10/4/19,NSR,11,670476,4443283,reservoir outflow,Chalie Scott,Nevada Department of Wildlife,2022,Melanie LaCava,14,G5,
NSR_06,Relict dace,,Spring north of Stratton Ranch,Butte Valley,2019,10/4/19,NSR,11,670476,4443283,reservoir outflow,Chalie Scott,Nevada Department of Wildlife,2022,Melanie LaCava,14,H5,
NSR_07,Relict dace,,Spring north of Stratton Ranch,Butte Valley,2019,10/4/19,NSR,11,670476,4443283,reservoir outflow,Chalie Scott,Nevada Department of Wildlife,2022,Melanie LaCava,14,A6,
NSR_08,Relict dace,,Spring north of Stratton Ranch,Butte Valley,2019,10/4/19,NSR,11,670476,4443283,reservoir outflow,Chalie Scott,Nevada Department of Wildlife,2022,Melanie LaCava,14,B6,
NSR_10,Relict dace,,Spring north of Stratton Ranch,Butte Valley,2019,10/4/19,NSR,11,670476,4443283,reservoir outflow,Chalie Scott,Nevada Department of Wildlife,2022,Melanie LaCava,14,C6,
NSR_11,Relict dace,,Spring north of Stratton Ranch,Butte Valley,2019,10/4/19,NSR,11,670476,4443283,reservoir outflow,Chalie Scott,Nevada Department of Wildlife,2022,Melanie LaCava,14,D6,
NSR_12,Relict dace,,Spring north of Stratton Ranch,Butte Valley,2019,10/4/19,NSR,11,670476,4443283,reservoir outflow,Chalie Scott,Nevada Department of Wildlife,2022,Melanie LaCava,14,E6,
NSR_15,Relict dace,,Spring north of Stratton Ranch,Butte Valley,2019,10/4/19,NSR,11,670476,4443283,reservoir outflow,Chalie Scott,Nevada Department of Wildlife,2022,Melanie LaCava,14,F6,
COR_14,Relict dace,,Cordano Ranch,Butte Valley,2022,2/10/22,COR,11,691347,4437850,Spring head and spring brook,Heath Korell,Nevada Department of Wildlife,2022,Melanie LaCava,15,C10,
NSR_03,Relict dace,,Spring north of Stratton Ranch,Butte Valley,2019,10/4/19,NSR,11,670476,4443283,reservoir outflow,Chalie Scott,Nevada Department of Wildlife,2022,Melanie LaCava,15,D10,
NSR_05,Relict dace,,Spring north of Stratton Ranch,Butte Valley,2019,10/4/19,NSR,11,670476,4443283,reservoir outflow,Chalie Scott,Nevada Department of Wildlife,2022,Melanie LaCava,15,E10,
NSR_09,Relict dace,,Spring north of Stratton Ranch,Butte Valley,2019,10/4/19,NSR,11,670476,4443283,reservoir outflow,Chalie Scott,Nevada Department of Wildlife,2022,Melanie LaCava,15,F10,
NSR_13,Relict dace,,Spring north of Stratton Ranch,Butte Valley,2019,10/4/19,NSR,11,670476,4443283,reservoir outflow,Chalie Scott,Nevada Department of Wildlife,2022,Melanie LaCava,15,G10,
NSR_14,Relict dace,,Spring north of Stratton Ranch,Butte Valley,2019,10/4/19,NSR,11,670476,4443283,reservoir outflow,Chalie Scott,Nevada Deprtment of Wildlife,2022,Melanie LaCava,15,H10,
RD_STWA_001,Relict Dace,,Steptoe Valley Wildlife Management Area,Steptoe Valley,2017,6/13/17,RD1FPT1,11,689228,4339871,,Heath Korell (NDOW),Nevada Deprtment of Wildlife,2017,Alyssa Benjamin,Plate 1,A1,
RD_STWA_002,Relict Dace,,Steptoe Valley Wildlife Management Area,Steptoe Valley,2017,6/13/17,RD1FPT1,11,689228,4339871,,Heath Korell (NDOW),Nevada Deprtment of Wildlife,2017,Alyssa Benjamin,Plate 1,B1,
RD_STWA_003,Relict Dace,,Steptoe Valley Wildlife Management Area,Steptoe Valley,2017,6/13/17,RD1FPT2,11,689182,4340237,,Heath Korell (NDOW),Nevada Deprtment of Wildlife,2017,Alyssa Benjamin,Plate 1,C1,
RD_STWA_004,Relict Dace,,Steptoe Valley Wildlife Management Area,Steptoe Valley,2017,6/13/17,RD1FPT3,11,689108,4340315,,Heath Korell (NDOW),Nevada Deprtment of Wildlife,2017,Alyssa Benjamin,Plate 1,D1,
RD_STWA_005,Relict Dace,,Steptoe Valley Wildlife Management Area,Steptoe Valley,2017,6/13/17,RD1FPT3,11,689108,4340315,,Heath Korell (NDOW),Nevada Deprtment of Wildlife,2017,Alyssa Benjamin,Plate 1,E1,
RD_STWA_006,Relict Dace,,Steptoe Valley Wildlife Management Area,Steptoe Valley,2017,6/13/17,RD1FPT3,11,689108,4340315,,Heath Korell (NDOW),Nevada Deprtment of Wildlife,2017,Alyssa Benjamin,Plate 1,F1,
RD_STWA_007,Relict Dace,,Steptoe Valley Wildlife Management Area,Steptoe Valley,2017,6/13/17,RD1FPT4,11,689135,4340397,,Heath Korell (NDOW),Nevada Deprtment of Wildlife,2017,Alyssa Benjamin,Plate 1,G1,
RD_STWA_008,Relict Dace,,Steptoe Valley Wildlife Management Area,Steptoe Valley,2017,6/13/17,RD1FPT4,11,689135,4340397,,Heath Korell (NDOW),Nevada Deprtment of Wildlife,2017,Alyssa Benjamin,Plate 1,H1,
RD_STWA_009,Relict Dace,,Steptoe Valley Wildlife Management Area,Steptoe Valley,2017,6/13/17,RD1FPT4,11,689135,4340397,,Heath Korell (NDOW),Nevada Deprtment of Wildlife,2017,Alyssa Benjamin,Plate 1,A2,
RD_STWA_010,Relict Dace,,Steptoe Valley Wildlife Management Area,Steptoe Valley,2017,6/13/17,RD1CT1,11,688863,4340583,,Heath Korell (NDOW),Nevada Deprtment of Wildlife,2017,Alyssa Benjamin,Plate 1,B2,
RD_STWA_011,Relict Dace,,Steptoe Valley Wildlife Management Area,Steptoe Valley,2017,6/13/17,RD1CT1,11,688863,4340583,,Heath Korell (NDOW),Nevada Deprtment of Wildlife,2017,Alyssa Benjamin,Plate 1,C2,
RD_STWA_012,Relict Dace,,Steptoe Valley Wildlife Management Area,Steptoe Valley,2017,6/13/17,RD1CT1,11,688863,4340583,,Heath Korell (NDOW),Nevada Deprtment of Wildlife,2017,Alyssa Benjamin,Plate 1,D2,
RD_STWA_013,Relict Dace,,Steptoe Valley Wildlife Management Area,Steptoe Valley,2017,6/13/17,RD1CT1,11,688863,4340583,,Heath Korell (NDOW),Nevada Deprtment of Wildlife,2017,Alyssa Benjamin,Plate 1,E2,
RD_STWA_014,Relict Dace,,Steptoe Valley Wildlife Management Area,Steptoe Valley,2017,6/13/17,RD1CT1,11,688863,4340583,,Heath Korell (NDOW),Nevada Deprtment of Wildlife,2017,Alyssa Benjamin,Plate 1,F2,
RD_STWA_015,Relict Dace,,Steptoe Valley Wildlife Management Area,Steptoe Valley,2017,6/13/17,RD1CT1,11,688863,4340583,,Heath Korell (NDOW),Nevada Deprtment of Wildlife,2017,Alyssa Benjamin,Plate 1,G2,
RD_STWA_016,Relict Dace,,Steptoe Valley Wildlife Management Area,Steptoe Valley,2017,6/13/17,RD1CT1,11,688863,4340583,,Heath Korell (NDOW),Nevada Deprtment of Wildlife,2017,Alyssa Benjamin,Plate 1,H2,
RD_STWA_017,Relict Dace,,Steptoe Valley Wildlife Management Area,Steptoe Valley,2017,6/13/17,RD1CT1,11,688863,4340583,,Heath Korell (NDOW),Nevada Deprtment of Wildlife,2017,Alyssa Benjamin,Plate 1,A3,
RD_STWA_018,Relict Dace,,Steptoe Valley Wildlife Management Area,Steptoe Valley,2017,6/13/17,RD1CT1,11,688863,4340583,,Heath Korell (NDOW),Nevada Deprtment of Wildlife,2017,Alyssa Benjamin,Plate 1,B3,
RD_STWA_019,Relict Dace,,Steptoe Valley Wildlife Management Area,Steptoe Valley,2017,6/13/17,RD1CT1,11,688863,4340583,,Heath Korell (NDOW),Nevada Deprtment of Wildlife,2017,Alyssa Benjamin,Plate 1,C3,
RD_STWA_020,Relict Dace,,Steptoe Valley Wildlife Management Area,Steptoe Valley,2017,6/13/17,RD1CT1,11,688863,4340583,,Heath Korell (NDOW),Nevada Deprtment of Wildlife,2017,Alyssa Benjamin,Plate 1,D3,
RD_STWA_021,Relict Dace,,Steptoe Valley Wildlife Management Area,Steptoe Valley,2017,6/13/17,RD1CT2,11,689121,4340599,,Heath Korell (NDOW),Nevada Deprtment of Wildlife,2017,Alyssa Benjamin,Plate 1,E3,
RD_STWA_022,Relict Dace,,Steptoe Valley Wildlife Management Area,Steptoe Valley,2017,6/13/17,RD1CT2,11,689121,4340599,,Heath Korell (NDOW),Nevada Deprtment of Wildlife,2017,Alyssa Benjamin,Plate 1,F3,
RD_STWA_023,Relict Dace,,Steptoe Valley Wildlife Management Area,Steptoe Valley,2017,6/13/17,RD1CT2,11,689121,4340599,,Heath Korell (NDOW),Nevada Deprtment of Wildlife,2017,Alyssa Benjamin,Plate 1,G3,
RD_STWA_024,Relict Dace,,Steptoe Valley Wildlife Management Area,Steptoe Valley,2017,6/13/17,RD1CT2,11,689121,4340599,,Heath Korell (NDOW),Nevada Deprtment of Wildlife,2017,Alyssa Benjamin,Plate 1,H3,
RD_STWA_025,Relict Dace,,Steptoe Valley Wildlife Management Area,Steptoe Valley,2017,6/13/17,RD1CT2,11,689121,4340599,,Heath Korell (NDOW),Nevada Deprtment of Wildlife,2017,Alyssa Benjamin,Plate 1,A4,
RD_STWA_026,Relict Dace,,Steptoe Valley Wildlife Management Area,Steptoe Valley,2017,6/13/17,RD1CT2,11,689121,4340599,,Heath Korell (NDOW),Nevada Deprtment of Wildlife,2017,Alyssa Benjamin,Plate 1,B4,
RD_STWA_027,Relict Dace,,Steptoe Valley Wildlife Management Area,Steptoe Valley,2017,6/13/17,RD1CT2,11,689121,4340599,,Heath Korell (NDOW),Nevada Deprtment of Wildlife,2017,Alyssa Benjamin,Plate 2,A1,
RD_STWA_028,Relict Dace,,Steptoe Valley Wildlife Management Area,Steptoe Valley,2017,6/13/17,RD1CT2,11,689121,4340599,,Heath Korell (NDOW),Nevada Deprtment of Wildlife,2017,Alyssa Benjamin,Plate 2,B1,
RD_STWA_029,Relict Dace,,Steptoe Valley Wildlife Management Area,Steptoe Valley,2017,6/13/17,RD1CT2,11,689121,4340599,,Heath Korell (NDOW),Nevada Deprtment of Wildlife,2017,Alyssa Benjamin,Plate 2,C1,
RD_STRT_001,Relict Dace,,Rio Tinto/Kennecott Copper Corporation,Steptoe Valley,2017,6/15/17,RD3A,11,689718,4359505,,Heath Korell (NDOW),Nevada Deprtment of Wildlife,2017,Alyssa Benjamin,Plate 2,D1,
RD_STRT_002,Relict Dace,,Rio Tinto/Kennecott Copper Corporation,Steptoe Valley,2017,6/15/17,RD3A,11,689718,4359505,,Heath Korell (NDOW),Nevada Deprtment of Wildlife,2017,Alyssa Benjamin,Plate 2,E1,
RD_STRT_003,Relict Dace,,Rio Tinto/Kennecott Copper Corporation,Steptoe Valley,2017,6/15/17,RD3A,11,689718,4359505,,Heath Korell (NDOW),Nevada Deprtment of Wildlife,2017,Alyssa Benjamin,Plate 2,F1,
RD_STRT_004,Relict Dace,,Rio Tinto/Kennecott Copper Corporation,Steptoe Valley,2017,6/15/17,RD3BT1,11,689175,4366729.25,,Heath Korell (NDOW),Nevada Deprtment of Wildlife,2017,Alyssa Benjamin,Plate 2,G1,
RD_STRT_005,Relict Dace,,Rio Tinto/Kennecott Copper Corporation,Steptoe Valley,2017,6/15/17,RD3BT1,11,689175,4366729.25,,Heath Korell (NDOW),Nevada Deprtment of Wildlife,2017,Alyssa Benjamin,Plate 2,H1,
RD_STRT_006,Relict Dace,,Rio Tinto/Kennecott Copper Corporation,Steptoe Valley,2017,6/15/17,RD3BT1,11,689175,4366729.25,,Heath Korell (NDOW),Nevada Deprtment of Wildlife,2017,Alyssa Benjamin,Plate 2,A2,
RD_STRT_007,Relict Dace,,Rio Tinto/Kennecott Copper Corporation,Steptoe Valley,2017,6/14/17,RD3CT2,11,691109,4364982,,Heath Korell (NDOW),Nevada Deprtment of Wildlife,2017,Alyssa Benjamin,Plate 2,B2,
RD_STRT_008,Relict Dace,,Rio Tinto/Kennecott Copper Corporation,Steptoe Valley,2017,6/14/17,RD3CT2,11,691109,4364982,,Heath Korell (NDOW),Nevada Deprtment of Wildlife,2017,Alyssa Benjamin,Plate 2,C2,
RD_STRT_009,Relict Dace,,Rio Tinto/Kennecott Copper Corporation,Steptoe Valley,2017,6/14/17,RD3CT2,11,691109,4364982,,Heath Korell (NDOW),Nevada Deprtment of Wildlife,2017,Alyssa Benjamin,Plate 2,D2,
RD_STRT_010,Relict Dace,,Rio Tinto/Kennecott Copper Corporation,Steptoe Valley,2017,6/14/17,RD3CT2,11,691109,4364982,,Heath Korell (NDOW),Nevada Deprtment of Wildlife,2017,Alyssa Benjamin,Plate 2,E2,
RD_STRT_011,Relict Dace,,Rio Tinto/Kennecott Copper Corporation,Steptoe Valley,2017,6/14/17,RD3CT2,11,691109,4364982,,Heath Korell (NDOW),Nevada Deprtment of Wildlife,2017,Alyssa Benjamin,Plate 2,F2,
RD_STRT_012,Relict Dace,,Rio Tinto/Kennecott Copper Corporation,Steptoe Valley,2017,6/14/17,RD3CT2,11,691109,4364982,,Heath Korell (NDOW),Nevada Deprtment of Wildlife,2017,Alyssa Benjamin,Plate 2,G2,
RD_STRT_013,Relict Dace,,Rio Tinto/Kennecott Copper Corporation,Steptoe Valley,2017,6/14/17,RD3CT4,11,690984,4365323,,Heath Korell (NDOW),Nevada Deprtment of Wildlife,2017,Alyssa Benjamin,Plate 2,H2,
RD_STRT_014,Relict Dace,,Rio Tinto/Kennecott Copper Corporation,Steptoe Valley,2017,6/14/17,RD3CT4,11,690984,4365323,,Heath Korell (NDOW),Nevada Deprtment of Wildlife,2017,Alyssa Benjamin,Plate 2,A3,
RD_STRT_015,Relict Dace,,Rio Tinto/Kennecott Copper Corporation,Steptoe Valley,2017,6/14/17,RD3CT4,11,690984,4365323,,Heath Korell (NDOW),Nevada Deprtment of Wildlife,2017,Alyssa Benjamin,Plate 2,B3,
RD_STRT_016,Relict Dace,,Rio Tinto/Kennecott Copper Corporation,Steptoe Valley,2017,6/15/17,RD3DT1,11,688570,4367048,,Heath Korell (NDOW),Nevada Deprtment of Wildlife,2017,Alyssa Benjamin,Plate 2,C3,
RD_STRT_017,Relict Dace,,Rio Tinto/Kennecott Copper Corporation,Steptoe Valley,2017,6/15/17,RD3DT1,11,688570,4367048,,Heath Korell (NDOW),Nevada Deprtment of Wildlife,2017,Alyssa Benjamin,Plate 2,D3,
RD_STRT_018,Relict Dace,,Rio Tinto/Kennecott Copper Corporation,Steptoe Valley,2017,6/15/17,RD3DT1,11,688570,4367048,,Heath Korell (NDOW),Nevada Deprtment of Wildlife,2017,Alyssa Benjamin,Plate 2,E3,
RD_STRT_019,Relict Dace,,Rio Tinto/Kennecott Copper Corporation,Steptoe Valley,2017,6/15/17,RD3FT2,11,687139,4367791,,Heath Korell (NDOW),Nevada Deprtment of Wildlife,2017,Alyssa Benjamin,Plate 2,F3,
RD_STRT_020,Relict Dace,,Rio Tinto/Kennecott Copper Corporation,Steptoe Valley,2017,6/15/17,RD3FT2,11,687139,4367791,,Heath Korell (NDOW),Nevada Deprtment of Wildlife,2017,Alyssa Benjamin,Plate 2,G3,
RD_STRT_021,Relict Dace,,Rio Tinto/Kennecott Copper Corporation,Steptoe Valley,2017,6/15/17,RD3FT2,11,687139,4367791,,Heath Korell (NDOW),Nevada Deprtment of Wildlife,2017,Alyssa Benjamin,Plate 2,H3,
RD_STMR_001,Relict Dace,,Morrison Ranch,Steptoe Valley,2017,6/20/17,RD5B,11,680363,4372210,,Heath Korell (NDOW),Nevada Deprtment of Wildlife,2017,Alyssa Benjamin,Plate 2,A4,
RD_STMR_002,Relict Dace,,Morrison Ranch,Steptoe Valley,2017,6/20/17,RD5B,11,680363,4372210,,Heath Korell (NDOW),Nevada Deprtment of Wildlife,2017,Alyssa Benjamin,Plate 2,B4,
RD_STMR_003,Relict Dace,,Morrison Ranch,Steptoe Valley,2017,6/20/17,RD5B,11,680363,4372210,,Heath Korell (NDOW),Nevada Deprtment of Wildlife,2017,Alyssa Benjamin,Plate 3,A1,
RD_STMR_004,Relict Dace,,Morrison Ranch,Steptoe Valley,2017,6/20/17,RD5B,11,680363,4372210,,Heath Korell (NDOW),Nevada Deprtment of Wildlife,2017,Alyssa Benjamin,Plate 3,B1,
RD_STMR_005,Relict Dace,,Morrison Ranch,Steptoe Valley,2017,6/20/17,RD5B,11,680363,4372210,,Heath Korell (NDOW),Nevada Deprtment of Wildlife,2017,Alyssa Benjamin,Plate 3,C1,
RD_STMR_006,Relict Dace,,Morrison Ranch,Steptoe Valley,2017,6/20/17,RD5B,11,680363,4372210,,Heath Korell (NDOW),Nevada Deprtment of Wildlife,2017,Alyssa Benjamin,Plate 3,D1,
RD_STMR_007,Relict Dace,,Morrison Ranch,Steptoe Valley,2017,6/20/17,RD5B,11,680363,4372210,,Heath Korell (NDOW),Nevada Deprtment of Wildlife,2017,Alyssa Benjamin,Plate 3,E1,
RD_STMR_008,Relict Dace,,Morrison Ranch,Steptoe Valley,2017,6/20/17,RD5B,11,680363,4372210,,Heath Korell (NDOW),Nevada Deprtment of Wildlife,2017,Alyssa Benjamin,Plate 3,F1,
RD_STMR_009,Relict Dace,,Morrison Ranch,Steptoe Valley,2017,6/20/17,RD5D,11,680373,4372031,,Heath Korell (NDOW),Nevada Deprtment of Wildlife,2017,Alyssa Benjamin,Plate 3,G1,
RD_STMR_010,Relict Dace,,Morrison Ranch,Steptoe Valley,2017,6/20/17,RD5D,11,680373,4372031,,Heath Korell (NDOW),Nevada Deprtment of Wildlife,2017,Alyssa Benjamin,Plate 3,H1,
RD_STMR_011,Relict Dace,,Morrison Ranch,Steptoe Valley,2017,6/20/17,RD5D,11,680373,4372031,,Heath Korell (NDOW),Nevada Deprtment of Wildlife,2017,Alyssa Benjamin,Plate 3,A2,
RD_STMR_012,Relict Dace,,Morrison Ranch,Steptoe Valley,2017,6/20/17,RD5D,11,680373,4372031,,Heath Korell (NDOW),Nevada Deprtment of Wildlife,2017,Alyssa Benjamin,Plate 3,B2,
RD_STMR_013,Relict Dace,,Morrison Ranch,Steptoe Valley,2017,6/20/17,RD5D,11,680373,4372031,,Heath Korell (NDOW),Nevada Deprtment of Wildlife,2017,Alyssa Benjamin,Plate 3,C2,
RD_STMR_014,Relict Dace,,Morrison Ranch,Steptoe Valley,2017,6/20/17,RD5D,11,680373,4372031,,Heath Korell (NDOW),Nevada Deprtment of Wildlife,2017,Alyssa Benjamin,Plate 3,D2,
RD_STMR_015,Relict Dace,,Morrison Ranch,Steptoe Valley,2017,6/20/17,RD5D,11,680373,4372031,,Heath Korell (NDOW),Nevada Deprtment of Wildlife,2017,Alyssa Benjamin,Plate 3,E2,
RD_STMR_016,Relict Dace,,Morrison Ranch,Steptoe Valley,2017,6/20/17,RD5D,11,680373,4372031,,Heath Korell (NDOW),Nevada Deprtment of Wildlife,2017,Alyssa Benjamin,Plate 3,F2,
RD_STMR_017,Relict Dace,,Morrison Ranch,Steptoe Valley,2017,6/20/17,RD5D,11,680373,4372031,,Heath Korell (NDOW),Nevada Deprtment of Wildlife,2017,Alyssa Benjamin,Plate 3,G2,
RD_STMR_018,Relict Dace,,Morrison Ranch,Steptoe Valley,2017,6/20/17,RD5D,11,680373,4372031,,Heath Korell (NDOW),Nevada Deprtment of Wildlife,2017,Alyssa Benjamin,Plate 3,H2,
RD_STMR_019,Relict Dace,,Morrison Ranch,Steptoe Valley,2017,6/20/17,RD5D,11,680373,4372031,,Heath Korell (NDOW),Nevada Deprtment of Wildlife,2017,Alyssa Benjamin,Plate 3,A3,
RD_STMR_020,Relict Dace,,Morrison Ranch,Steptoe Valley,2017,6/20/17,RD5D,11,680373,4372031,,Heath Korell (NDOW),Nevada Deprtment of Wildlife,2017,Alyssa Benjamin,Plate 3,B3,
RD_STMR_021,Relict Dace,,Morrison Ranch,Steptoe Valley,2017,6/20/17,RD5D,11,680373,4372031,,Heath Korell (NDOW),Nevada Deprtment of Wildlife,2017,Alyssa Benjamin,Plate 3,C3,
RD_STPR_001,Relict Dace,,Phillips Ranch,Steptoe Valley,2017,6/20/17,RD6BT2,11,679317,4378356,,Heath Korell (NDOW),Nevada Deprtment of Wildlife,2017,Alyssa Benjamin,Plate 3,D3,
RD_STPR_002,Relict Dace,,Phillips Ranch,Steptoe Valley,2017,6/20/17,RD6BT2,11,679317,4378356,,Heath Korell (NDOW),Nevada Deprtment of Wildlife,2017,Alyssa Benjamin,Plate 3,E3,
RD_STPR_003,Relict Dace,,Phillips Ranch,Steptoe Valley,2017,6/20/17,RD6BT2,11,679317,4378356,,Heath Korell (NDOW),Nevada Deprtment of Wildlife,2017,Alyssa Benjamin,Plate 3,F3,
RD_STPR_004,Relict Dace,,Phillips Ranch,Steptoe Valley,2017,6/20/17,RD6BT2,11,679317,4378356,,Heath Korell (NDOW),Nevada Deprtment of Wildlife,2017,Alyssa Benjamin,Plate 3,G3,
RD_STPR_005,Relict Dace,,Phillips Ranch,Steptoe Valley,2017,6/20/17,RD6BT2,11,679317,4378356,,Heath Korell (NDOW),Nevada Deprtment of Wildlife,2017,Alyssa Benjamin,Plate 3,H3,
RD_STPR_006,Relict Dace,,Phillips Ranch,Steptoe Valley,2017,6/20/17,RD6BT2,11,679317,4378356,,Heath Korell (NDOW),Nevada Deprtment of Wildlife,2017,Alyssa Benjamin,Plate 3,A4,
RD_STPR_007,Relict Dace,,Phillips Ranch,Steptoe Valley,2017,6/20/17,RD6BT2,11,679317,4378356,,Heath Korell (NDOW),Nevada Deprtment of Wildlife,2017,Alyssa Benjamin,Plate 3,B4,
RD_STPR_008,Relict Dace,,Phillips Ranch,Steptoe Valley,2017,6/20/17,RD6BT2,11,679317,4378356,,Heath Korell (NDOW),Nevada Deprtment of Wildlife,2017,Alyssa Benjamin,Plate 4,A1,
RD_STPR_009,Relict Dace,,Phillips Ranch,Steptoe Valley,2017,6/20/17,RD6BT2,11,679317,4378356,,Heath Korell (NDOW),Nevada Deprtment of Wildlife,2017,Alyssa Benjamin,Plate 4,B1,
RD_STPR_010,Relict Dace,,Phillips Ranch,Steptoe Valley,2017,6/20/17,RD6BT2,11,679317,4378356,,Heath Korell (NDOW),Nevada Deprtment of Wildlife,2017,Alyssa Benjamin,Plate 4,C1,
RD_STPR_011,Relict Dace,,Phillips Ranch,Steptoe Valley,2017,6/20/17,RD6BT2,11,679317,4378356,,Heath Korell (NDOW),Nevada Deprtment of Wildlife,2017,Alyssa Benjamin,Plate 4,D1,
RD_STPR_012,Relict Dace,,Phillips Ranch,Steptoe Valley,2017,6/20/17,RD6BT2,11,679317,4378356,,Heath Korell (NDOW),Nevada Deprtment of Wildlife,2017,Alyssa Benjamin,Plate 4,E1,
RD_STPR_013,Relict Dace,,Phillips Ranch,Steptoe Valley,2017,6/20/17,RD6BT2,11,679317,4378356,,Heath Korell (NDOW),Nevada Deprtment of Wildlife,2017,Alyssa Benjamin,Plate 4,F1,
RD_STPR_014,Relict Dace,,Phillips Ranch,Steptoe Valley,2017,6/20/17,RD6BT2,11,679317,4378356,,Heath Korell (NDOW),Nevada Deprtment of Wildlife,2017,Alyssa Benjamin,Plate 4,G1,
RD_STPR_015,Relict Dace,,Phillips Ranch,Steptoe Valley,2017,6/20/17,RD6BT2,11,679317,4378356,,Heath Korell (NDOW),Nevada Deprtment of Wildlife,2017,Alyssa Benjamin,Plate 4,H1,
RD_STPR_016,Relict Dace,,Phillips Ranch,Steptoe Valley,2017,6/20/17,RD6BT2,11,679317,4378356,,Heath Korell (NDOW),Nevada Deprtment of Wildlife,2017,Alyssa Benjamin,Plate 4,A2,
RD_STPR_017,Relict Dace,,Phillips Ranch,Steptoe Valley,2017,6/20/17,RD6BT2,11,679317,4378356,,Heath Korell (NDOW),Nevada Deprtment of Wildlife,2017,Alyssa Benjamin,Plate 4,B2,
RD_STPR_018,Relict Dace,,Phillips Ranch,Steptoe Valley,2017,6/20/17,RD6BT2,11,679317,4378356,,Heath Korell (NDOW),Nevada Deprtment of Wildlife,2017,Alyssa Benjamin,Plate 4,C2,
RD_STPR_019,Relict Dace,,Phillips Ranch,Steptoe Valley,2017,6/20/17,RD6BT2,11,679317,4378356,,Heath Korell (NDOW),Nevada Deprtment of Wildlife,2017,Alyssa Benjamin,Plate 4,D2,
RD_STPR_020,Relict Dace,,Phillips Ranch,Steptoe Valley,2017,6/20/17,RD6BT2,11,679317,4378356,,Heath Korell (NDOW),Nevada Deprtment of Wildlife,2017,Alyssa Benjamin,Plate 4,E2,
RD_STPR_021,Relict Dace,,Phillips Ranch,Steptoe Valley,2017,6/20/17,RD6FT1,11,679366,4378510,,Heath Korell (NDOW),Nevada Deprtment of Wildlife,2017,Alyssa Benjamin,Plate 4,F2,
RD_STPR_022,Relict Dace,,Phillips Ranch,Steptoe Valley,2017,6/20/17,RD6FT1,11,679366,4378510,,Heath Korell (NDOW),Nevada Deprtment of Wildlife,2017,Alyssa Benjamin,Plate 4,G2,
RD_STPR_023,Relict Dace,,Phillips Ranch,Steptoe Valley,2017,6/20/17,RD6FT1,11,679366,4378510,,Heath Korell (NDOW),Nevada Deprtment of Wildlife,2017,Alyssa Benjamin,Plate 4,H2,
RD_STPR_024,Relict Dace,,Phillips Ranch,Steptoe Valley,2017,6/20/17,RD6FT1,11,679366,4378510,,Heath Korell (NDOW),Nevada Deprtment of Wildlife,2017,Alyssa Benjamin,Plate 4,A3,
RD_STPR_025,Relict Dace,,Phillips Ranch,Steptoe Valley,2017,6/20/17,RD6FT1,11,679366,4378510,,Heath Korell (NDOW),Nevada Deprtment of Wildlife,2017,Alyssa Benjamin,Plate 4,B3,
RD_STPR_026,Relict Dace,,Phillips Ranch,Steptoe Valley,2017,6/20/17,RD6FT1,11,679366,4378510,,Heath Korell (NDOW),Nevada Deprtment of Wildlife,2017,Alyssa Benjamin,Plate 4,C3,
RD_STPR_027,Relict Dace,,Phillips Ranch,Steptoe Valley,2017,6/20/17,RD6FT1,11,679366,4378510,,Heath Korell (NDOW),Nevada Deprtment of Wildlife,2017,Alyssa Benjamin,Plate 4,D3,
RD_STPR_028,Relict Dace,,Phillips Ranch,Steptoe Valley,2017,6/20/17,RD6FT1,11,679366,4378510,,Heath Korell (NDOW),Nevada Deprtment of Wildlife,2017,Alyssa Benjamin,Plate 4,E3,
RD_STPR_029,Relict Dace,,Phillips Ranch,Steptoe Valley,2017,6/20/17,RD6FT1,11,679366,4378510,,Heath Korell (NDOW),Nevada Deprtment of Wildlife,2017,Alyssa Benjamin,Plate 4,F3,
RD_STPR_030,Relict Dace,,Phillips Ranch,Steptoe Valley,2017,6/20/17,RD6FT1,11,679366,4378510,,Heath Korell (NDOW),Nevada Deprtment of Wildlife,2017,Alyssa Benjamin,Plate 4,G3,
RD_STPR_031,Relict Dace,,Phillips Ranch,Steptoe Valley,2017,6/20/17,RD6FT1,11,679366,4378510,,Heath Korell (NDOW),Nevada Deprtment of Wildlife,2017,Alyssa Benjamin,Plate 4,H3,
RD_STPR_032,Relict Dace,,Phillips Ranch,Steptoe Valley,2017,6/20/17,RD6FT1,11,679366,4378510,,Heath Korell (NDOW),Nevada Deprtment of Wildlife,2017,Alyssa Benjamin,Plate 4,A4,
RD_BTOC_001,Relict Dace,,Odger's Creek,Butte Valley,2017,6/21/17,RD030A,11,669906,4450701,,Heath Korell (NDOW),Nevada Deprtment of Wildlife,2017,Alyssa Benjamin,Plate 1,C4,
RD_BTOC_002,Relict Dace,,Odger's Creek,Butte Valley,2017,6/21/17,RD030A,11,669906,4450701,,Heath Korell (NDOW),Nevada Deprtment of Wildlife,2017,Alyssa Benjamin,Plate 1,D4,
RD_BTOC_003,Relict Dace,,Odger's Creek,Butte Valley,2017,6/21/17,RD030A,11,669906,4450701,,Heath Korell (NDOW),Nevada Deprtment of Wildlife,2017,Alyssa Benjamin,Plate 1,E4,
RD_BTOC_004,Relict Dace,,Odger's Creek,Butte Valley,2017,6/21/17,RD030A,11,669906,4450701,,Heath Korell (NDOW),Nevada Deprtment of Wildlife,2017,Alyssa Benjamin,Plate 1,F4,
RD_BTOC_005,Relict Dace,,Odger's Creek,Butte Valley,2017,6/21/17,RD030A,11,669906,4450701,,Heath Korell (NDOW),Nevada Deprtment of Wildlife,2017,Alyssa Benjamin,Plate 1,G4,
RD_BTOC_006,Relict Dace,,Odger's Creek,Butte Valley,2017,6/21/17,RD030B,11,669838,4451561,,Heath Korell (NDOW),Nevada Deprtment of Wildlife,2017,Alyssa Benjamin,Plate 1,H4,
RD_BTOC_007,Relict Dace,,Odger's Creek,Butte Valley,2017,6/21/17,RD030B,11,669838,4451561,,Heath Korell (NDOW),Nevada Deprtment of Wildlife,2017,Alyssa Benjamin,Plate 1,A5,
RD_BTOC_008,Relict Dace,,Odger's Creek,Butte Valley,2017,6/21/17,RD030B,11,669838,4451561,,Heath Korell (NDOW),Nevada Deprtment of Wildlife,2017,Alyssa Benjamin,Plate 1,B5,
RD_BTOC_009,Relict Dace,,Odger's Creek,Butte Valley,2017,6/21/17,RD030B,11,669838,4451561,,Heath Korell (NDOW),Nevada Deprtment of Wildlife,2017,Alyssa Benjamin,Plate 1,C5,
RD_BTOC_010,Relict Dace,,Odger's Creek,Butte Valley,2017,6/21/17,RD030B,11,669838,4451561,,Heath Korell (NDOW),Nevada Deprtment of Wildlife,2017,Alyssa Benjamin,Plate 1,D5,
RD_BTOC_011,Relict Dace,,Odger's Creek,Butte Valley,2017,6/21/17,RD030B,11,669838,4451561,,Heath Korell (NDOW),Nevada Deprtment of Wildlife,2017,Alyssa Benjamin,Plate 1,E5,
RD_BTOC_012,Relict Dace,,Odger's Creek,Butte Valley,2017,6/21/17,RD030B,11,669838,4451561,,Heath Korell (NDOW),Nevada Deprtment of Wildlife,2017,Alyssa Benjamin,Plate 2,C4,
RD_BTOC_013,Relict Dace,,Odger's Creek,Butte Valley,2017,6/21/17,RD30C,11,668668,4454855,,Heath Korell (NDOW),Nevada Deprtment of Wildlife,2017,Alyssa Benjamin,Plate 2,D4,
RD_BTOC_014,Relict Dace,,Odger's Creek,Butte Valley,2017,6/21/17,RD30C,11,668668,4454855,,Heath Korell (NDOW),Nevada Deprtment of Wildlife,2017,Alyssa Benjamin,Plate 2,E4,
RD_BTOC_015,Relict Dace,,Odger's Creek,Butte Valley,2017,6/21/17,RD30C,11,668668,4454855,,Heath Korell (NDOW),Nevada Deprtment of Wildlife,2017,Alyssa Benjamin,Plate 2,F4,
RD_BTOC_016,Relict Dace,,Odger's Creek,Butte Valley,2017,6/21/17,RD30C,11,668668,4454855,,Heath Korell (NDOW),Nevada Deprtment of Wildlife,2017,Alyssa Benjamin,Plate 2,G4,
RD_BTOC_017,Relict Dace,,Odger's Creek,Butte Valley,2017,6/21/17,RD30C,11,668668,4454855,,Heath Korell (NDOW),Nevada Deprtment of Wildlife,2017,Alyssa Benjamin,Plate 2,H4,
RD_BTOC_018,Relict Dace,,Odger's Creek,Butte Valley,2017,6/21/17,RD30C,11,668668,4454855,,Heath Korell (NDOW),Nevada Deprtment of Wildlife,2017,Alyssa Benjamin,Plate 2,A5,
RD_BTOC_019,Relict Dace,,Odger's Creek,Butte Valley,2017,6/21/17,RD30C,11,668668,4454855,,Heath Korell (NDOW),Nevada Deprtment of Wildlife,2017,Alyssa Benjamin,Plate 2,B5,
RD_BTOC_020,Relict Dace,,Odger's Creek,Butte Valley,2017,6/21/17,RD30C,11,668668,4454855,,Heath Korell (NDOW),Nevada Deprtment of Wildlife,2017,Alyssa Benjamin,Plate 2,C5,
RD_BTOC_021,Relict Dace,,Odger's Creek,Butte Valley,2017,6/21/17,RD30C,11,668668,4454855,,Heath Korell (NDOW),Nevada Deprtment of Wildlife,2017,Alyssa Benjamin,Plate 2,D5,
RD_BTOC_022,Relict Dace,,Odger's Creek,Butte Valley,2017,6/21/17,RD30C,11,668668,4454855,,Heath Korell (NDOW),Nevada Deprtment of Wildlife,2017,Alyssa Benjamin,Plate 2,E5,
RD_BTOC_023,Relict Dace,,Odger's Creek,Butte Valley,2017,6/21/17,RD30D,11,666996,4458903,,Heath Korell (NDOW),Nevada Deprtment of Wildlife,2017,Alyssa Benjamin,Plate 3,C4,
RD_BTOC_024,Relict Dace,,Odger's Creek,Butte Valley,2017,6/21/17,RD30D,11,666996,4458903,,Heath Korell (NDOW),Nevada Deprtment of Wildlife,2017,Alyssa Benjamin,Plate 3,D4,
RD_BTOC_025,Relict Dace,,Odger's Creek,Butte Valley,2017,6/21/17,RD30D,11,666996,4458903,,Heath Korell (NDOW),Nevada Deprtment of Wildlife,2017,Alyssa Benjamin,Plate 3,E4,
RD_BTQP_001,Relict Dace,,Quilici Pond,Butte Valley,2017,6/27/17,RD32,11,664830,4466274,,Heath Korell (NDOW),Nevada Deprtment of Wildlife,2017,Alyssa Benjamin,Plate 3,F4,
RD_BTQP_002,Relict Dace,,Quilici Pond,Butte Valley,2017,6/27/17,RD32,11,664830,4466274,,Heath Korell (NDOW),Nevada Deprtment of Wildlife,2017,Alyssa Benjamin,Plate 3,G4,
RD_BTQP_003,Relict Dace,,Quilici Pond,Butte Valley,2017,6/27/17,RD32,11,664830,4466274,,Heath Korell (NDOW),Nevada Deprtment of Wildlife,2017,Alyssa Benjamin,Plate 3,H4,
RD_BTQP_004,Relict Dace,,Quilici Pond,Butte Valley,2017,6/27/17,RD32,11,664830,4466274,,Heath Korell (NDOW),Nevada Deprtment of Wildlife,2017,Alyssa Benjamin,Plate 3,A5,
RD_BTQP_005,Relict Dace,,Quilici Pond,Butte Valley,2017,6/27/17,RD32,11,664830,4466274,,Heath Korell (NDOW),Nevada Deprtment of Wildlife,2017,Alyssa Benjamin,Plate 3,B5,
RD_BTQP_006,Relict Dace,,Quilici Pond,Butte Valley,2017,6/27/17,RD32,11,664830,4466274,,Heath Korell (NDOW),Nevada Deprtment of Wildlife,2017,Alyssa Benjamin,Plate 3,C5,
RD_BTQP_007,Relict Dace,,Quilici Pond,Butte Valley,2017,6/27/17,RD32,11,664830,4466274,,Heath Korell (NDOW),Nevada Deprtment of Wildlife,2017,Alyssa Benjamin,Plate 3,D5,
RD_BTQP_008,Relict Dace,,Quilici Pond,Butte Valley,2017,6/27/17,RD32,11,664830,4466274,,Heath Korell (NDOW),Nevada Deprtment of Wildlife,2017,Alyssa Benjamin,Plate 3,E5,
RD_BTQP_009,Relict Dace,,Quilici Pond,Butte Valley,2017,6/27/17,RD32,11,664830,4466274,,Heath Korell (NDOW),Nevada Deprtment of Wildlife,2017,Alyssa Benjamin,Plate 4,B4,
RD_BTQP_010,Relict Dace,,Quilici Pond,Butte Valley,2017,6/27/17,RD32,11,664830,4466274,,Heath Korell (NDOW),Nevada Deprtment of Wildlife,2017,Alyssa Benjamin,Plate 4,C4,
RD_BTQP_011,Relict Dace,,Quilici Pond,Butte Valley,2017,6/27/17,RD32,11,664830,4466274,,Heath Korell (NDOW),Nevada Deprtment of Wildlife,2017,Alyssa Benjamin,Plate 4,D4,
RD_BTQP_012,Relict Dace,,Quilici Pond,Butte Valley,2017,6/27/17,RD32,11,664830,4466274,,Heath Korell (NDOW),Nevada Deprtment of Wildlife,2017,Alyssa Benjamin,Plate 4,E4,
RD_BTQP_013,Relict Dace,,Quilici Pond,Butte Valley,2017,6/27/17,RD32,11,664830,4466274,,Heath Korell (NDOW),Nevada Deprtment of Wildlife,2017,Alyssa Benjamin,Plate 4,F4,
RD_BTQP_014,Relict Dace,,Quilici Pond,Butte Valley,2017,6/27/17,RD32,11,664830,4466274,,Heath Korell (NDOW),Nevada Deprtment of Wildlife,2017,Alyssa Benjamin,Plate 4,G4,
RD_BTQP_015,Relict Dace,,Quilici Pond,Butte Valley,2017,6/27/17,RD32,11,664830,4466274,,Heath Korell (NDOW),Nevada Deprtment of Wildlife,2017,Alyssa Benjamin,Plate 4,H4,
RD_BTQP_016,Relict Dace,,Quilici Pond,Butte Valley,2017,6/27/17,RD32,11,664830,4466274,,Heath Korell (NDOW),Nevada Deprtment of Wildlife,2017,Alyssa Benjamin,Plate 4,A5,
RD_BTQP_017,Relict Dace,,Quilici Pond,Butte Valley,2017,6/27/17,RD32,11,664830,4466274,,Heath Korell (NDOW),Nevada Deprtment of Wildlife,2017,Alyssa Benjamin,Plate 4,B5,
RD_BTQP_018,Relict Dace,,Quilici Pond,Butte Valley,2017,6/27/17,RD32,11,664830,4466274,,Heath Korell (NDOW),Nevada Deprtment of Wildlife,2017,Alyssa Benjamin,Plate 4,C5,
RD_BTQP_019,Relict Dace,,Quilici Pond,Butte Valley,2017,6/27/17,RD32,11,664830,4466274,,Heath Korell (NDOW),Nevada Deprtment of Wildlife,2017,Alyssa Benjamin,Plate 4,D5,
RD_BTQP_020,Relict Dace,,Quilici Pond,Butte Valley,2017,6/27/17,RD32,11,664830,4466274,,Heath Korell (NDOW),Nevada Deprtment of Wildlife,2017,Alyssa Benjamin,Plate 4,E5,
RD_GSTS_001,Relict Dace,,Twin Springs,Goshute Valley,2017,6/27/17,RD40T1,11,684334,4469069,,Heath Korell (NDOW),Nevada Deprtment of Wildlife,2017,Alyssa Benjamin,Plate 1,F5,
RD_GSTS_002,Relict Dace,,Twin Springs,Goshute Valley,2017,6/27/17,RD40T1,11,684334,4469069,,Heath Korell (NDOW),Nevada Deprtment of Wildlife,2017,Alyssa Benjamin,Plate 1,G5,
RD_GSTS_003,Relict Dace,,Twin Springs,Goshute Valley,2017,6/27/17,RD40T1,11,684334,4469069,,Heath Korell (NDOW),Nevada Deprtment of Wildlife,2017,Alyssa Benjamin,Plate 1,H5,
RD_GSTS_004,Relict Dace,,Twin Springs,Goshute Valley,2017,6/27/17,RD40T1,11,684334,4469069,,Heath Korell (NDOW),Nevada Deprtment of Wildlife,2017,Alyssa Benjamin,Plate 1,B6,
RD_GSTS_005,Relict Dace,,Twin Springs,Goshute Valley,2017,6/27/17,RD40T1,11,684334,4469069,,Heath Korell (NDOW),Nevada Deprtment of Wildlife,2017,Alyssa Benjamin,Plate 1,A6,
RD_GSTS_006,Relict Dace,,Twin Springs,Goshute Valley,2017,6/27/17,RD40T1,11,684334,4469069,,Heath Korell (NDOW),Nevada Deprtment of Wildlife,2017,Alyssa Benjamin,Plate 1,C6,
RD_GSTS_007,Relict Dace,,Twin Springs,Goshute Valley,2017,6/27/17,RD40T1,11,684334,4469069,,Heath Korell (NDOW),Nevada Deprtment of Wildlife,2017,Alyssa Benjamin,Plate 1,D6,
RD_GSTS_008,Relict Dace,,Twin Springs,Goshute Valley,2017,6/27/17,RD40T1,11,684334,4469069,,Heath Korell (NDOW),Nevada Deprtment of Wildlife,2017,Alyssa Benjamin,Plate 1,E6,
RD_GSTS_009,Relict Dace,,Twin Springs,Goshute Valley,2017,6/27/17,RD40T1,11,684334,4469069,,Heath Korell (NDOW),Nevada Deprtment of Wildlife,2017,Alyssa Benjamin,Plate 1,F6,
RD_GSTS_010,Relict Dace,,Twin Springs,Goshute Valley,2017,6/27/17,RD40T1,11,684334,4469069,,Heath Korell (NDOW),Nevada Deprtment of Wildlife,2017,Alyssa Benjamin,Plate 1,G6,
RD_GSTS_011,Relict Dace,,Twin Springs,Goshute Valley,2017,6/27/17,RD40T1,11,684334,4469069,,Heath Korell (NDOW),Nevada Deprtment of Wildlife,2017,Alyssa Benjamin,Plate 1,H6,
RD_GSTS_012,Relict Dace,,Twin Springs,Goshute Valley,2017,6/27/17,RD40T1,11,684334,4469069,,Heath Korell (NDOW),Nevada Deprtment of Wildlife,2017,Alyssa Benjamin,Plate 1,A7,
RD_GSTS_013,Relict Dace,,Twin Springs,Goshute Valley,2017,6/27/17,RD40T1,11,684334,4469069,,Heath Korell (NDOW),Nevada Deprtment of Wildlife,2017,Alyssa Benjamin,Plate 1,B7,
RD_GSTS_014,Relict Dace,,Twin Springs,Goshute Valley,2017,6/27/17,RD40T1,11,684334,4469069,,Heath Korell (NDOW),Nevada Deprtment of Wildlife,2017,Alyssa Benjamin,Plate 1,C7,
RD_GSTS_015,Relict Dace,,Twin Springs,Goshute Valley,2017,6/27/17,RD40T1,11,684334,4469069,,Heath Korell (NDOW),Nevada Deprtment of Wildlife,2017,Alyssa Benjamin,Plate 1,D7,
RD_GSTS_016,Relict Dace,,Twin Springs,Goshute Valley,2017,6/27/17,RD40T1,11,684334,4469069,,Heath Korell (NDOW),Nevada Deprtment of Wildlife,2017,Alyssa Benjamin,Plate 1,E7,
RD_GSTS_017,Relict Dace,,Twin Springs,Goshute Valley,2017,6/27/17,RD40T1,11,684334,4469069,,Heath Korell (NDOW),Nevada Deprtment of Wildlife,2017,Alyssa Benjamin,Plate 1,F7,
RD_GSTS_018,Relict Dace,,Twin Springs,Goshute Valley,2017,6/27/17,RD40T1,11,684334,4469069,,Heath Korell (NDOW),Nevada Deprtment of Wildlife,2017,Alyssa Benjamin,Plate 1,G7,
RD_GSTS_019,Relict Dace,,Twin Springs,Goshute Valley,2017,6/27/17,RD40T1,11,684334,4469069,,Heath Korell (NDOW),Nevada Deprtment of Wildlife,2017,Alyssa Benjamin,Plate 1,H7,
RD_GSTS_020,Relict Dace,,Twin Springs,Goshute Valley,2017,6/27/17,RD40T1,11,684334,4469069,,Heath Korell (NDOW),Nevada Deprtment of Wildlife,2017,Alyssa Benjamin,Plate 1,A8,
RD_GSJS_001,Relict Dace,Johnson Springs Wetland Complex,Johnson Springs Wetland Complex,Goshute Valley,2017,7/19/17,NS05,11,709831,4539941,,Heath Korell (NDOW),Nevada Deprtment of Wildlife,2017,Alyssa Benjamin,Plate 1,B8,
RD_GSJS_002,Relict Dace,Johnson Springs Wetland Complex,Johnson Springs Wetland Complex,Goshute Valley,2017,7/19/17,NS05,11,709831,4539941,,Heath Korell (NDOW),Nevada Deprtment of Wildlife,2017,Alyssa Benjamin,Plate 1,C8,
RD_GSJS_003,Relict Dace,Johnson Springs Wetland Complex,Johnson Springs Wetland Complex,Goshute Valley,2017,7/19/17,NS05,11,709831,4539941,,Heath Korell (NDOW),Nevada Deprtment of Wildlife,2017,Alyssa Benjamin,Plate 1,D8,
RD_GSJS_004,Relict Dace,Johnson Springs Wetland Complex,Johnson Springs Wetland Complex,Goshute Valley,2017,7/19/17,NS05,11,709831,4539941,,Heath Korell (NDOW),Nevada Deprtment of Wildlife,2017,Alyssa Benjamin,Plate 1,E8,
RD_GSJS_005,Relict Dace,Johnson Springs Wetland Complex,Johnson Springs Wetland Complex,Goshute Valley,2017,7/19/17,NS05,11,709831,4539941,,Heath Korell (NDOW),Nevada Deprtment of Wildlife,2017,Alyssa Benjamin,Plate 1,F8,
RD_GSJS_006,Relict Dace,Johnson Springs Wetland Complex,Johnson Springs Wetland Complex,Goshute Valley,2017,7/19/17,NS05,11,709831,4539941,,Heath Korell (NDOW),Nevada Deprtment of Wildlife,2017,Alyssa Benjamin,Plate 1,G8,
RD_GSJS_007,Relict Dace,Johnson Springs Wetland Complex,Johnson Springs Wetland Complex,Goshute Valley,2017,7/19/17,NS05,11,709831,4539941,,Heath Korell (NDOW),Nevada Deprtment of Wildlife,2017,Alyssa Benjamin,Plate 1,H8,
RD_GSJS_008,Relict Dace,Johnson Springs Wetland Complex,Johnson Springs Wetland Complex,Goshute Valley,2017,7/19/17,NS05,11,709831,4539941,,Heath Korell (NDOW),Nevada Deprtment of Wildlife,2017,Alyssa Benjamin,Plate 1,A9,
RD_GSJS_009,Relict Dace,Johnson Springs Wetland Complex,Johnson Springs Wetland Complex,Goshute Valley,2017,7/19/17,NS05,11,709831,4539941,,Heath Korell (NDOW),Nevada Deprtment of Wildlife,2017,Alyssa Benjamin,Plate 1,B9,
RD_GSJS_010,Relict Dace,Johnson Springs Wetland Complex,Johnson Springs Wetland Complex,Goshute Valley,2017,7/19/17,NS05,11,709831,4539941,,Heath Korell (NDOW),Nevada Deprtment of Wildlife,2017,Alyssa Benjamin,Plate 1,C9,
RD_GSJS_011,Relict Dace,Johnson Springs Wetland Complex,Johnson Springs Wetland Complex,Goshute Valley,2017,7/19/17,NS03,11,709829,4539995,,Heath Korell (NDOW),Nevada Deprtment of Wildlife,2017,Alyssa Benjamin,Plate 1,D9,
RD_GSJS_012,Relict Dace,Johnson Springs Wetland Complex,Johnson Springs Wetland Complex,Goshute Valley,2017,7/19/17,NS03,11,709829,4539995,,Heath Korell (NDOW),Nevada Deprtment of Wildlife,2017,Alyssa Benjamin,Plate 1,E9,
RD_GSJS_013,Relict Dace,Johnson Springs Wetland Complex,Johnson Springs Wetland Complex,Goshute Valley,2017,7/19/17,NS03,11,709829,4539995,,Heath Korell (NDOW),Nevada Deprtment of Wildlife,2017,Alyssa Benjamin,Plate 1,F9,
RD_GSJS_014,Relict Dace,Johnson Springs Wetland Complex,Johnson Springs Wetland Complex,Goshute Valley,2017,7/19/17,NS03,11,709829,4539995,,Heath Korell (NDOW),Nevada Deprtment of Wildlife,2017,Alyssa Benjamin,Plate 1,G9,
RD_GSJS_015,Relict Dace,Johnson Springs Wetland Complex,Johnson Springs Wetland Complex,Goshute Valley,2017,7/19/17,NS03,11,709829,4539995,,Heath Korell (NDOW),Nevada Deprtment of Wildlife,2017,Alyssa Benjamin,Plate 1,H9,
RD_GSJS_016,Relict Dace,Johnson Springs Wetland Complex,Johnson Springs Wetland Complex,Goshute Valley,2017,7/19/17,NS03,11,709829,4539995,,Heath Korell (NDOW),Nevada Deprtment of Wildlife,2017,Alyssa Benjamin,Plate 1,A10,
RD_GSJS_017,Relict Dace,Johnson Springs Wetland Complex,Johnson Springs Wetland Complex,Goshute Valley,2017,7/19/17,NS03,11,709829,4539995,,Heath Korell (NDOW),Nevada Deprtment of Wildlife,2017,Alyssa Benjamin,Plate 1,B10,
RD_GSJS_018,Relict Dace,Johnson Springs Wetland Complex,Johnson Springs Wetland Complex,Goshute Valley,2017,7/19/17,NS03,11,709829,4539995,,Heath Korell (NDOW),Nevada Deprtment of Wildlife,2017,Alyssa Benjamin,Plate 2,F5,
RD_GSJS_019,Relict Dace,Johnson Springs Wetland Complex,Johnson Springs Wetland Complex,Goshute Valley,2017,7/19/17,NS03,11,709829,4539995,,Heath Korell (NDOW),Nevada Deprtment of Wildlife,2017,Alyssa Benjamin,Plate 2,G5,
RD_GSJS_020,Relict Dace,Johnson Springs Wetland Complex,Johnson Springs Wetland Complex,Goshute Valley,2017,7/19/17,NS03,11,709829,4539995,,Heath Korell (NDOW),Nevada Deprtment of Wildlife,2017,Alyssa Benjamin,Plate 2,H5,
RD_GSJS_021,Relict Dace,Johnson Springs Wetland Complex,Johnson Springs Wetland Complex,Goshute Valley,2017,7/19/17,CS03,11,709885,4539042,,Heath Korell (NDOW),Nevada Deprtment of Wildlife,2017,Alyssa Benjamin,Plate 2,A6,
RD_GSJS_022,Relict Dace,Johnson Springs Wetland Complex,Johnson Springs Wetland Complex,Goshute Valley,2017,7/19/17,CS03,11,709885,4539042,,Heath Korell (NDOW),Nevada Deprtment of Wildlife,2017,Alyssa Benjamin,Plate 2,B6,
RD_GSJS_023,Relict Dace,Johnson Springs Wetland Complex,Johnson Springs Wetland Complex,Goshute Valley,2017,7/19/17,CS03,11,709885,4539042,,Heath Korell (NDOW),Nevada Deprtment of Wildlife,2017,Alyssa Benjamin,Plate 2,C6,
RD_GSJS_024,Relict Dace,Johnson Springs Wetland Complex,Johnson Springs Wetland Complex,Goshute Valley,2017,7/19/17,CS03,11,709885,4539042,,Heath Korell (NDOW),Nevada Deprtment of Wildlife,2017,Alyssa Benjamin,Plate 2,D6,
RD_GSJS_025,Relict Dace,Johnson Springs Wetland Complex,Johnson Springs Wetland Complex,Goshute Valley,2017,7/19/17,CS03,11,709885,4539042,,Heath Korell (NDOW),Nevada Deprtment of Wildlife,2017,Alyssa Benjamin,Plate 2,E6,
RD_GSJS_026,Relict Dace,Johnson Springs Wetland Complex,Johnson Springs Wetland Complex,Goshute Valley,2017,7/19/17,CS03,11,709885,4539042,,Heath Korell (NDOW),Nevada Deprtment of Wildlife,2017,Alyssa Benjamin,Plate 2,F6,
RD_GSJS_027,Relict Dace,Johnson Springs Wetland Complex,Johnson Springs Wetland Complex,Goshute Valley,2017,7/19/17,CS03,11,709885,4539042,,Heath Korell (NDOW),Nevada Deprtment of Wildlife,2017,Alyssa Benjamin,Plate 2,G6,
RD_GSJS_028,Relict Dace,Johnson Springs Wetland Complex,Johnson Springs Wetland Complex,Goshute Valley,2017,7/19/17,CS03,11,709885,4539042,,Heath Korell (NDOW),Nevada Deprtment of Wildlife,2017,Alyssa Benjamin,Plate 2,H6,
RD_GSJS_029,Relict Dace,Johnson Springs Wetland Complex,Johnson Springs Wetland Complex,Goshute Valley,2017,7/19/17,CS03,11,709885,4539042,,Heath Korell (NDOW),Nevada Deprtment of Wildlife,2017,Alyssa Benjamin,Plate 2,A7,
RD_GSJS_030,Relict Dace,Johnson Springs Wetland Complex,Johnson Springs Wetland Complex,Goshute Valley,2017,7/19/17,CS03,11,709885,4539042,,Heath Korell (NDOW),Nevada Deprtment of Wildlife,2017,Alyssa Benjamin,Plate 2,B7,
RD_GSJS_031,Relict Dace,Johnson Springs Wetland Complex,Johnson Springs Wetland Complex,Goshute Valley,2017,7/19/17,CS02,11,709762,4539132,,Heath Korell (NDOW),Nevada Deprtment of Wildlife,2017,Alyssa Benjamin,Plate 2,C7,
RD_GSJS_032,Relict Dace,Johnson Springs Wetland Complex,Johnson Springs Wetland Complex,Goshute Valley,2017,7/19/17,CS02,11,709762,4539132,,Heath Korell (NDOW),Nevada Deprtment of Wildlife,2017,Alyssa Benjamin,Plate 2,D7,
RD_GSJS_033,Relict Dace,Johnson Springs Wetland Complex,Johnson Springs Wetland Complex,Goshute Valley,2017,7/19/17,CS02,11,709762,4539132,,Heath Korell (NDOW),Nevada Deprtment of Wildlife,2017,Alyssa Benjamin,Plate 2,E7,
RD_GSJS_034,Relict Dace,Johnson Springs Wetland Complex,Johnson Springs Wetland Complex,Goshute Valley,2017,7/19/17,CS02,11,709762,4539132,,Heath Korell (NDOW),Nevada Deprtment of Wildlife,2017,Alyssa Benjamin,Plate 2,F7,
RD_GSJS_035,Relict Dace,Johnson Springs Wetland Complex,Johnson Springs Wetland Complex,Goshute Valley,2017,7/19/17,CS02,11,709762,4539132,,Heath Korell (NDOW),Nevada Deprtment of Wildlife,2017,Alyssa Benjamin,Plate 2,G7,
RD_GSJS_036,Relict Dace,Johnson Springs Wetland Complex,Johnson Springs Wetland Complex,Goshute Valley,2017,7/19/17,CS02,11,709762,4539132,,Heath Korell (NDOW),Nevada Deprtment of Wildlife,2017,Alyssa Benjamin,Plate 2,H7,
RD_GSJS_037,Relict Dace,Johnson Springs Wetland Complex,Johnson Springs Wetland Complex,Goshute Valley,2017,7/19/17,CS02,11,709762,4539132,,Heath Korell (NDOW),Nevada Deprtment of Wildlife,2017,Alyssa Benjamin,Plate 2,A8,
RD_GSJS_038,Relict Dace,Johnson Springs Wetland Complex,Johnson Springs Wetland Complex,Goshute Valley,2017,7/19/17,CS02,11,709762,4539132,,Heath Korell (NDOW),Nevada Deprtment of Wildlife,2017,Alyssa Benjamin,Plate 2,B8,
RD_GSJS_039,Relict Dace,Johnson Springs Wetland Complex,Johnson Springs Wetland Complex,Goshute Valley,2017,7/19/17,CS02,11,709762,4539132,,Heath Korell (NDOW),Nevada Deprtment of Wildlife,2017,Alyssa Benjamin,Plate 2,C8,
RD_GSJS_040,Relict Dace,Johnson Springs Wetland Complex,Johnson Springs Wetland Complex,Goshute Valley,2017,7/19/17,CS02,11,709762,4539132,,Heath Korell (NDOW),Nevada Deprtment of Wildlife,2017,Alyssa Benjamin,Plate 2,D8,
RD_GSJS_041,Relict Dace,Johnson Springs Wetland Complex,Johnson Springs Wetland Complex,Goshute Valley,2017,7/20/17,CS04,11,709919,4538984,,Heath Korell (NDOW),Nevada Deprtment of Wildlife,2017,Alyssa Benjamin,Plate 2,E8,
RD_GSJS_042,Relict Dace,Johnson Springs Wetland Complex,Johnson Springs Wetland Complex,Goshute Valley,2017,7/20/17,CS04,11,709919,4538984,,Heath Korell (NDOW),Nevada Deprtment of Wildlife,2017,Alyssa Benjamin,Plate 2,F8,
RD_GSJS_043,Relict Dace,Johnson Springs Wetland Complex,Johnson Springs Wetland Complex,Goshute Valley,2017,7/20/17,CS04,11,709919,4538984,,Heath Korell (NDOW),Nevada Deprtment of Wildlife,2017,Alyssa Benjamin,Plate 2,G8,
RD_GSJS_044,Relict Dace,Johnson Springs Wetland Complex,Johnson Springs Wetland Complex,Goshute Valley,2017,7/20/17,CS04,11,709919,4538984,,Heath Korell (NDOW),Nevada Deprtment of Wildlife,2017,Alyssa Benjamin,Plate 2,H8,
RD_GSJS_045,Relict Dace,Johnson Springs Wetland Complex,Johnson Springs Wetland Complex,Goshute Valley,2017,7/20/17,CS04,11,709919,4538984,,Heath Korell (NDOW),Nevada Deprtment of Wildlife,2017,Alyssa Benjamin,Plate 2,A9,
RD_GSJS_046,Relict Dace,Johnson Springs Wetland Complex,Johnson Springs Wetland Complex,Goshute Valley,2017,7/20/17,CS04,11,709919,4538984,,Heath Korell (NDOW),Nevada Deprtment of Wildlife,2017,Alyssa Benjamin,Plate 2,B9,
RD_GSJS_047,Relict Dace,Johnson Springs Wetland Complex,Johnson Springs Wetland Complex,Goshute Valley,2017,7/20/17,CS04,11,709919,4538984,,Heath Korell (NDOW),Nevada Deprtment of Wildlife,2017,Alyssa Benjamin,Plate 2,C9,
RD_GSJS_048,Relict Dace,Johnson Springs Wetland Complex,Johnson Springs Wetland Complex,Goshute Valley,2017,7/20/17,CS04,11,709919,4538984,,Heath Korell (NDOW),Nevada Deprtment of Wildlife,2017,Alyssa Benjamin,Plate 2,D9,
RD_GSJS_049,Relict Dace,Johnson Springs Wetland Complex,Johnson Springs Wetland Complex,Goshute Valley,2017,7/19/17,CS11,11,709611,4538736,,Heath Korell (NDOW),Nevada Deprtment of Wildlife,2017,Alyssa Benjamin,Plate 2,E9,
RD_GSJS_050,Relict Dace,Johnson Springs Wetland Complex,Johnson Springs Wetland Complex,Goshute Valley,2017,7/19/17,CS11,11,709611,4538736,,Heath Korell (NDOW),Nevada Deprtment of Wildlife,2017,Alyssa Benjamin,Plate 2,F9,
RD_GSJS_051,Relict Dace,Johnson Springs Wetland Complex,Johnson Springs Wetland Complex,Goshute Valley,2017,7/19/17,CS11,11,709611,4538736,,Heath Korell (NDOW),Nevada Deprtment of Wildlife,2017,Alyssa Benjamin,Plate 2,G9,
RD_GSJS_052,Relict Dace,Johnson Springs Wetland Complex,Johnson Springs Wetland Complex,Goshute Valley,2017,7/19/17,CS11,11,709611,4538736,,Heath Korell (NDOW),Nevada Deprtment of Wildlife,2017,Alyssa Benjamin,Plate 2,H9,
RD_GSJS_053,Relict Dace,Johnson Springs Wetland Complex,Johnson Springs Wetland Complex,Goshute Valley,2017,7/19/17,CS11,11,709611,4538736,,Heath Korell (NDOW),Nevada Deprtment of Wildlife,2017,Alyssa Benjamin,Plate 2,A10,
RD_GSJS_054,Relict Dace,Johnson Springs Wetland Complex,Johnson Springs Wetland Complex,Goshute Valley,2017,7/19/17,CS11,11,709611,4538736,,Heath Korell (NDOW),Nevada Deprtment of Wildlife,2017,Alyssa Benjamin,Plate 2,B10,
RD_GSJS_055,Relict Dace,Johnson Springs Wetland Complex,Johnson Springs Wetland Complex,Goshute Valley,2017,7/19/17,CS11,11,709611,4538736,,Heath Korell (NDOW),Nevada Deprtment of Wildlife,2017,Alyssa Benjamin,Plate 3,F5,
RD_GSJS_056,Relict Dace,Johnson Springs Wetland Complex,Johnson Springs Wetland Complex,Goshute Valley,2017,7/19/17,CS11,11,709611,4538736,,Heath Korell (NDOW),Nevada Deprtment of Wildlife,2017,Alyssa Benjamin,Plate 3,G5,
RD_GSJS_057,Relict Dace,Johnson Springs Wetland Complex,Johnson Springs Wetland Complex,Goshute Valley,2017,7/19/17,CS11,11,709611,4538736,,Heath Korell (NDOW),Nevada Deprtment of Wildlife,2017,Alyssa Benjamin,Plate 3,H5,
RD_GSJS_058,Relict Dace,Johnson Springs Wetland Complex,Johnson Springs Wetland Complex,Goshute Valley,2017,7/19/17,CS11,11,709611,4538736,,Heath Korell (NDOW),Nevada Deprtment of Wildlife,2017,Alyssa Benjamin,Plate 3,A6,
RD_GSJS_059,Relict Dace,Johnson Springs Wetland Complex,Johnson Springs Wetland Complex,Goshute Valley,2017,7/19/17,CS16,11,709752,4538726,,Heath Korell (NDOW),Nevada Deprtment of Wildlife,2017,Alyssa Benjamin,Plate 3,B6,
RD_GSJS_060,Relict Dace,Johnson Springs Wetland Complex,Johnson Springs Wetland Complex,Goshute Valley,2017,7/19/17,CS16,11,709752,4538726,,Heath Korell (NDOW),Nevada Deprtment of Wildlife,2017,Alyssa Benjamin,Plate 3,C6,
RD_GSJS_061,Relict Dace,Johnson Springs Wetland Complex,Johnson Springs Wetland Complex,Goshute Valley,2017,7/19/17,CS16,11,709752,4538726,,Heath Korell (NDOW),Nevada Deprtment of Wildlife,2017,Alyssa Benjamin,Plate 3,D6,
RD_GSJS_062,Relict Dace,Johnson Springs Wetland Complex,Johnson Springs Wetland Complex,Goshute Valley,2017,7/19/17,CS16,11,709752,4538726,,Heath Korell (NDOW),Nevada Deprtment of Wildlife,2017,Alyssa Benjamin,Plate 3,E6,
RD_GSJS_063,Relict Dace,Johnson Springs Wetland Complex,Johnson Springs Wetland Complex,Goshute Valley,2017,7/19/17,CS16,11,709752,4538726,,Heath Korell (NDOW),Nevada Deprtment of Wildlife,2017,Alyssa Benjamin,Plate 3,F6,
RD_GSJS_064,Relict Dace,Johnson Springs Wetland Complex,Johnson Springs Wetland Complex,Goshute Valley,2017,7/19/17,CS16,11,709752,4538726,,Heath Korell (NDOW),Nevada Deprtment of Wildlife,2017,Alyssa Benjamin,Plate 3,G6,
RD_GSJS_065,Relict Dace,Johnson Springs Wetland Complex,Johnson Springs Wetland Complex,Goshute Valley,2017,7/19/17,CS16,11,709752,4538726,,Heath Korell (NDOW),Nevada Deprtment of Wildlife,2017,Alyssa Benjamin,Plate 3,H6,
RD_GSJS_066,Relict Dace,Johnson Springs Wetland Complex,Johnson Springs Wetland Complex,Goshute Valley,2017,7/19/17,CS16,11,709752,4538726,,Heath Korell (NDOW),Nevada Deprtment of Wildlife,2017,Alyssa Benjamin,Plate 3,A7,
RD_GSJS_067,Relict Dace,Johnson Springs Wetland Complex,Johnson Springs Wetland Complex,Goshute Valley,2017,7/19/17,CS16,11,709752,4538726,,Heath Korell (NDOW),Nevada Deprtment of Wildlife,2017,Alyssa Benjamin,Plate 3,B7,
RD_GSJS_068,Relict Dace,Johnson Springs Wetland Complex,Johnson Springs Wetland Complex,Goshute Valley,2017,7/19/17,CS16,11,709752,4538726,,Heath Korell (NDOW),Nevada Deprtment of Wildlife,2017,Alyssa Benjamin,Plate 3,C7,
RD_GSJS_069,Relict Dace,Johnson Springs Wetland Complex,Johnson Springs Wetland Complex,Goshute Valley,2017,7/19/17,CS16,11,709752,4538726,,Heath Korell (NDOW),Nevada Deprtment of Wildlife,2017,Alyssa Benjamin,Plate 3,D7,
RD_GSJS_070,Relict Dace,Johnson Springs Wetland Complex,Johnson Springs Wetland Complex,Goshute Valley,2017,7/19/17,CS16,11,709752,4538726,,Heath Korell (NDOW),Nevada Deprtment of Wildlife,2017,Alyssa Benjamin,Plate 3,E7,
RD_GSJS_071,Relict Dace,Johnson Springs Wetland Complex,Johnson Springs Wetland Complex,Goshute Valley,2017,7/19/17,CS16,11,709752,4538726,,Heath Korell (NDOW),Nevada Deprtment of Wildlife,2017,Alyssa Benjamin,Plate 3,F7,
RD_GSJS_072,Relict Dace,Johnson Springs Wetland Complex,Johnson Springs Wetland Complex,Goshute Valley,2017,7/19/17,CS16,11,709752,4538726,,Heath Korell (NDOW),Nevada Deprtment of Wildlife,2017,Alyssa Benjamin,Plate 3,G7,
RD_GSJS_073,Relict Dace,Johnson Springs Wetland Complex,Johnson Springs Wetland Complex,Goshute Valley,2017,7/19/17,CS16,11,709752,4538726,,Heath Korell (NDOW),Nevada Deprtment of Wildlife,2017,Alyssa Benjamin,Plate 3,H7,
RD_GSJS_074,Relict Dace,Johnson Springs Wetland Complex,Johnson Springs Wetland Complex,Goshute Valley,2017,7/19/17,CS16,11,709752,4538726,,Heath Korell (NDOW),Nevada Deprtment of Wildlife,2017,Alyssa Benjamin,Plate 3,A8,
RD_GSJS_075,Relict Dace,Johnson Springs Wetland Complex,Johnson Springs Wetland Complex,Goshute Valley,2017,7/19/17,CS16,11,709752,4538726,,Heath Korell (NDOW),Nevada Deprtment of Wildlife,2017,Alyssa Benjamin,Plate 3,B8,
RD_GSJS_076,Relict Dace,Johnson Springs Wetland Complex,Johnson Springs Wetland Complex,Goshute Valley,2017,7/19/17,CS16,11,709752,4538726,,Heath Korell (NDOW),Nevada Deprtment of Wildlife,2017,Alyssa Benjamin,Plate 3,C8,
RD_GSJS_077,Relict Dace,Johnson Springs Wetland Complex,Johnson Springs Wetland Complex,Goshute Valley,2017,7/19/17,CS16,11,709752,4538726,,Heath Korell (NDOW),Nevada Deprtment of Wildlife,2017,Alyssa Benjamin,Plate 3,D8,
RD_GSJS_078,Relict Dace,Johnson Springs Wetland Complex,Johnson Springs Wetland Complex,Goshute Valley,2017,7/19/17,CS16,11,709752,4538726,,Heath Korell (NDOW),Nevada Deprtment of Wildlife,2017,Alyssa Benjamin,Plate 3,E8,
RD_GSJS_079,Relict Dace,Johnson Springs Wetland Complex,Johnson Springs Wetland Complex,Goshute Valley,2017,7/19/17,CS22A,11,709727,4538535,,Heath Korell (NDOW),Nevada Deprtment of Wildlife,2017,Alyssa Benjamin,Plate 3,F8,
RD_GSJS_080,Relict Dace,Johnson Springs Wetland Complex,Johnson Springs Wetland Complex,Goshute Valley,2017,7/19/17,CS22A,11,709727,4538535,,Heath Korell (NDOW),Nevada Deprtment of Wildlife,2017,Alyssa Benjamin,Plate 3,G8,
RD_GSJS_081,Relict Dace,Johnson Springs Wetland Complex,Johnson Springs Wetland Complex,Goshute Valley,2017,7/19/17,CS22A,11,709727,4538535,,Heath Korell (NDOW),Nevada Deprtment of Wildlife,2017,Alyssa Benjamin,Plate 3,H8,
RD_GSJS_082,Relict Dace,Johnson Springs Wetland Complex,Johnson Springs Wetland Complex,Goshute Valley,2017,7/19/17,CS22A,11,709727,4538535,,Heath Korell (NDOW),Nevada Deprtment of Wildlife,2017,Alyssa Benjamin,Plate 3,A9,
RD_GSJS_083,Relict Dace,Johnson Springs Wetland Complex,Johnson Springs Wetland Complex,Goshute Valley,2017,7/19/17,CS22A,11,709727,4538535,,Heath Korell (NDOW),Nevada Deprtment of Wildlife,2017,Alyssa Benjamin,Plate 3,B9,
RD_GSJS_084,Relict Dace,Johnson Springs Wetland Complex,Johnson Springs Wetland Complex,Goshute Valley,2017,7/19/17,CS22A,11,709727,4538535,,Heath Korell (NDOW),Nevada Deprtment of Wildlife,2017,Alyssa Benjamin,Plate 3,C9,
RD_GSJS_085,Relict Dace,Johnson Springs Wetland Complex,Johnson Springs Wetland Complex,Goshute Valley,2017,7/19/17,CS22A,11,709727,4538535,,Heath Korell (NDOW),Nevada Deprtment of Wildlife,2017,Alyssa Benjamin,Plate 3,D9,
RD_GSJS_086,Relict Dace,Johnson Springs Wetland Complex,Johnson Springs Wetland Complex,Goshute Valley,2017,7/19/17,CS22A,11,709727,4538535,,Heath Korell (NDOW),Nevada Deprtment of Wildlife,2017,Alyssa Benjamin,Plate 3,E9,
RD_GSJS_087,Relict Dace,Johnson Springs Wetland Complex,Johnson Springs Wetland Complex,Goshute Valley,2017,7/19/17,CS22A,11,709727,4538535,,Heath Korell (NDOW),Nevada Deprtment of Wildlife,2017,Alyssa Benjamin,Plate 3,F9,
RD_GSJS_088,Relict Dace,Johnson Springs Wetland Complex,Johnson Springs Wetland Complex,Goshute Valley,2017,7/19/17,CS22A,11,709727,4538535,,Heath Korell (NDOW),Nevada Deprtment of Wildlife,2017,Alyssa Benjamin,Plate 3,G9,
RD_GSJS_089,Relict Dace,Johnson Springs Wetland Complex,Johnson Springs Wetland Complex,Goshute Valley,2017,7/19/17,CS22A,11,709727,4538535,,Heath Korell (NDOW),Nevada Deprtment of Wildlife,2017,Alyssa Benjamin,Plate 3,H9,
RD_GSJS_090,Relict Dace,Johnson Springs Wetland Complex,Johnson Springs Wetland Complex,Goshute Valley,2017,7/19/17,CS22A,11,709727,4538535,,Heath Korell (NDOW),Nevada Deprtment of Wildlife,2017,Alyssa Benjamin,Plate 3,A10,
RD_GSJS_091,Relict Dace,Johnson Springs Wetland Complex,Johnson Springs Wetland Complex,Goshute Valley,2017,7/19/17,CS22A,11,709727,4538535,,Heath Korell (NDOW),Nevada Deprtment of Wildlife,2017,Alyssa Benjamin,Plate 3,B10,
RD_GSJS_092,Relict Dace,Johnson Springs Wetland Complex,Johnson Springs Wetland Complex,Goshute Valley,2017,7/19/17,CS22A,11,709727,4538535,,Heath Korell (NDOW),Nevada Deprtment of Wildlife,2017,Alyssa Benjamin,Plate 4,F5,
RD_GSJS_093,Relict Dace,Johnson Springs Wetland Complex,Johnson Springs Wetland Complex,Goshute Valley,2017,7/19/17,CS22A,11,709727,4538535,,Heath Korell (NDOW),Nevada Deprtment of Wildlife,2017,Alyssa Benjamin,Plate 4,G5,
RD_GSJS_094,Relict Dace,Johnson Springs Wetland Complex,Johnson Springs Wetland Complex,Goshute Valley,2017,7/19/17,CS22A,11,709727,4538535,,Heath Korell (NDOW),Nevada Deprtment of Wildlife,2017,Alyssa Benjamin,Plate 4,H5,
RD_GSJS_095,Relict Dace,Johnson Springs Wetland Complex,Johnson Springs Wetland Complex,Goshute Valley,2017,7/19/17,CS22A,11,709727,4538535,,Heath Korell (NDOW),Nevada Deprtment of Wildlife,2017,Alyssa Benjamin,Plate 4,A6,
RD_GSJS_096,Relict Dace,Johnson Springs Wetland Complex,Johnson Springs Wetland Complex,Goshute Valley,2017,7/19/17,CS22A,11,709727,4538535,,Heath Korell (NDOW),Nevada Deprtment of Wildlife,2017,Alyssa Benjamin,Plate 4,B6,
RD_GSJS_097,Relict Dace,Johnson Springs Wetland Complex,Johnson Springs Wetland Complex,Goshute Valley,2017,7/19/17,CS22A,11,709727,4538535,,Heath Korell (NDOW),Nevada Deprtment of Wildlife,2017,Alyssa Benjamin,Plate 4,C6,
RD_GSJS_098,Relict Dace,Johnson Springs Wetland Complex,Johnson Springs Wetland Complex,Goshute Valley,2017,7/19/17,CS22A,11,709727,4538535,,Heath Korell (NDOW),Nevada Deprtment of Wildlife,2017,Alyssa Benjamin,Plate 4,D6,
RD_GSJS_099,Relict Dace,Johnson Springs Wetland Complex,Johnson Springs Wetland Complex,Goshute Valley,2017,7/19/17,BS,11,709050,4538009,,Heath Korell (NDOW),Nevada Deprtment of Wildlife,2017,Alyssa Benjamin,Plate 4,E6,
RD_GSJS_100,Relict Dace,Johnson Springs Wetland Complex,Johnson Springs Wetland Complex,Goshute Valley,2017,7/19/17,BS,11,709050,4538009,,Heath Korell (NDOW),Nevada Deprtment of Wildlife,2017,Alyssa Benjamin,Plate 4,F6,
RD_GSJS_101,Relict Dace,Johnson Springs Wetland Complex,Johnson Springs Wetland Complex,Goshute Valley,2017,7/19/17,BS,11,709050,4538009,,Heath Korell (NDOW),Nevada Deprtment of Wildlife,2017,Alyssa Benjamin,Plate 4,G6,
RD_GSJS_102,Relict Dace,Johnson Springs Wetland Complex,Johnson Springs Wetland Complex,Goshute Valley,2017,7/19/17,BS,11,709050,4538009,,Heath Korell (NDOW),Nevada Deprtment of Wildlife,2017,Alyssa Benjamin,Plate 4,H6,
RD_GSJS_103,Relict Dace,Johnson Springs Wetland Complex,Johnson Springs Wetland Complex,Goshute Valley,2017,7/19/17,BS,11,709050,4538009,,Heath Korell (NDOW),Nevada Deprtment of Wildlife,2017,Alyssa Benjamin,Plate 4,A7,
RD_GSJS_104,Relict Dace,Johnson Springs Wetland Complex,Johnson Springs Wetland Complex,Goshute Valley,2017,7/19/17,BS,11,709050,4538009,,Heath Korell (NDOW),Nevada Deprtment of Wildlife,2017,Alyssa Benjamin,Plate 4,B7,
RD_GSJS_105,Relict Dace,Johnson Springs Wetland Complex,Johnson Springs Wetland Complex,Goshute Valley,2017,7/19/17,BS,11,709050,4538009,,Heath Korell (NDOW),Nevada Deprtment of Wildlife,2017,Alyssa Benjamin,Plate 4,C7,
RD_GSJS_106,Relict Dace,Johnson Springs Wetland Complex,Johnson Springs Wetland Complex,Goshute Valley,2017,7/19/17,BS,11,709050,4538009,,Heath Korell (NDOW),Nevada Deprtment of Wildlife,2017,Alyssa Benjamin,Plate 4,D7,
RD_GSJS_107,Relict Dace,Johnson Springs Wetland Complex,Johnson Springs Wetland Complex,Goshute Valley,2017,7/19/17,BS,11,709050,4538009,,Heath Korell (NDOW),Nevada Deprtment of Wildlife,2017,Alyssa Benjamin,Plate 4,E7,
RD_GSJS_108,Relict Dace,Johnson Springs Wetland Complex,Johnson Springs Wetland Complex,Goshute Valley,2017,7/19/17,BS,11,709050,4538009,,Heath Korell (NDOW),Nevada Deprtment of Wildlife,2017,Alyssa Benjamin,Plate 4,F7,
RD_GSJS_109,Relict Dace,Johnson Springs Wetland Complex,Johnson Springs Wetland Complex,Goshute Valley,2017,7/19/17,BS,11,709050,4538009,,Heath Korell (NDOW),Nevada Deprtment of Wildlife,2017,Alyssa Benjamin,Plate 4,G7,
RD_GSJS_110,Relict Dace,Johnson Springs Wetland Complex,Johnson Springs Wetland Complex,Goshute Valley,2017,7/19/17,BS,11,709050,4538009,,Heath Korell (NDOW),Nevada Deprtment of Wildlife,2017,Alyssa Benjamin,Plate 4,H7,
RD_GSJS_111,Relict Dace,Johnson Springs Wetland Complex,Johnson Springs Wetland Complex,Goshute Valley,2017,7/19/17,BS,11,709050,4538009,,Heath Korell (NDOW),Nevada Deprtment of Wildlife,2017,Alyssa Benjamin,Plate 4,A8,
RD_GSJS_112,Relict Dace,Johnson Springs Wetland Complex,Johnson Springs Wetland Complex,Goshute Valley,2017,7/19/17,BS,11,709050,4538009,,Heath Korell (NDOW),Nevada Deprtment of Wildlife,2017,Alyssa Benjamin,Plate 4,B8,
RD_GSJS_113,Relict Dace,Johnson Springs Wetland Complex,Johnson Springs Wetland Complex,Goshute Valley,2017,7/19/17,BS,11,709050,4538009,,Heath Korell (NDOW),Nevada Deprtment of Wildlife,2017,Alyssa Benjamin,Plate 4,C8,
RD_GSJS_114,Relict Dace,Johnson Springs Wetland Complex,Johnson Springs Wetland Complex,Goshute Valley,2017,7/19/17,BS,11,709050,4538009,,Heath Korell (NDOW),Nevada Deprtment of Wildlife,2017,Alyssa Benjamin,Plate 4,D8,
RD_GSJS_115,Relict Dace,Johnson Springs Wetland Complex,Johnson Springs Wetland Complex,Goshute Valley,2017,7/19/17,BS,11,709050,4538009,,Heath Korell (NDOW),Nevada Deprtment of Wildlife,2017,Alyssa Benjamin,Plate 4,E8,
RD_GSJS_116,Relict Dace,Johnson Springs Wetland Complex,Johnson Springs Wetland Complex,Goshute Valley,2017,7/19/17,BS,11,709050,4538009,,Heath Korell (NDOW),Nevada Deprtment of Wildlife,2017,Alyssa Benjamin,Plate 4,F8,
RD_GSJS_117,Relict Dace,Johnson Springs Wetland Complex,Johnson Springs Wetland Complex,Goshute Valley,2017,7/19/17,BS,11,709050,4538009,,Heath Korell (NDOW),Nevada Deprtment of Wildlife,2017,Alyssa Benjamin,Plate 4,G8,
RD_GSJS_118,Relict Dace,Johnson Springs Wetland Complex,Johnson Springs Wetland Complex,Goshute Valley,2017,7/19/17,BS,11,709050,4538009,,Heath Korell (NDOW),Nevada Deprtment of Wildlife,2017,Alyssa Benjamin,Plate 4,H8,
RD_GSJS_119,Relict Dace,Johnson Springs Wetland Complex,Johnson Springs Wetland Complex,Goshute Valley,2017,7/19/17,SS19,11,709338,4537788,,Heath Korell (NDOW),Nevada Deprtment of Wildlife,2017,Alyssa Benjamin,Plate 4,A9,
RD_GSJS_120,Relict Dace,Johnson Springs Wetland Complex,Johnson Springs Wetland Complex,Goshute Valley,2017,7/19/17,SS19,11,709338,4537788,,Heath Korell (NDOW),Nevada Deprtment of Wildlife,2017,Alyssa Benjamin,Plate 4,B9,
RD_GSJS_121,Relict Dace,Johnson Springs Wetland Complex,Johnson Springs Wetland Complex,Goshute Valley,2017,7/19/17,SS19,11,709338,4537788,,Heath Korell (NDOW),Nevada Deprtment of Wildlife,2017,Alyssa Benjamin,Plate 4,C9,
RD_GSJS_122,Relict Dace,Johnson Springs Wetland Complex,Johnson Springs Wetland Complex,Goshute Valley,2017,7/19/17,SS19,11,709338,4537788,,Heath Korell (NDOW),Nevada Deprtment of Wildlife,2017,Alyssa Benjamin,Plate 4,D9,
RD_GSJS_123,Relict Dace,Johnson Springs Wetland Complex,Johnson Springs Wetland Complex,Goshute Valley,2017,7/19/17,SS19,11,709338,4537788,,Heath Korell (NDOW),Nevada Deprtment of Wildlife,2017,Alyssa Benjamin,Plate 4,E9,
RD_GSJS_124,Relict Dace,Johnson Springs Wetland Complex,Johnson Springs Wetland Complex,Goshute Valley,2017,7/19/17,SS19,11,709338,4537788,,Heath Korell (NDOW),Nevada Deprtment of Wildlife,2017,Alyssa Benjamin,Plate 4,F9,
RD_GSJS_125,Relict Dace,Johnson Springs Wetland Complex,Johnson Springs Wetland Complex,Goshute Valley,2017,7/19/17,SS19,11,709338,4537788,,Heath Korell (NDOW),Nevada Deprtment of Wildlife,2017,Alyssa Benjamin,Plate 4,G9,
RD_GSJS_126,Relict Dace,Johnson Springs Wetland Complex,Johnson Springs Wetland Complex,Goshute Valley,2017,7/19/17,SS19,11,709338,4537788,,Heath Korell (NDOW),Nevada Deprtment of Wildlife,2017,Alyssa Benjamin,Plate 4,H9,
RD_GSJS_127,Relict Dace,Johnson Springs Wetland Complex,Johnson Springs Wetland Complex,Goshute Valley,2017,7/19/17,SS19,11,709338,4537788,,Heath Korell (NDOW),Nevada Deprtment of Wildlife,2017,Alyssa Benjamin,Plate 4,A10,
RD_GSJS_128,Relict Dace,Johnson Springs Wetland Complex,Johnson Springs Wetland Complex,Goshute Valley,2017,7/19/17,SS19,11,709338,4537788,,Heath Korell (NDOW),Nevada Deprtment of Wildlife,2017,Alyssa Benjamin,Plate 4,B10,
RD_RBFR_001,Relict Dace,,Franklin River,Ruby Valley,2017,7/19/17,FR-1,11,652571,4501295,,Jeff Petersen (NDOW),Nevada Deprtment of Wildlife,2017,Alyssa Benjamin,Plate 1,C10,
RD_RBFR_002,Relict Dace,,Franklin River,Ruby Valley,2017,7/19/17,FR-1,11,652571,4501295,,Jeff Petersen (NDOW),Nevada Deprtment of Wildlife,2017,Alyssa Benjamin,Plate 1,D10,
RD_RBFR_003,Relict Dace,,Franklin River,Ruby Valley,2017,7/19/17,FR-1,11,652571,4501295,,Jeff Petersen (NDOW),Nevada Deprtment of Wildlife,2017,Alyssa Benjamin,Plate 1,E10,
RD_RBFR_004,Relict Dace,,Franklin River,Ruby Valley,2017,7/19/17,FR-1,11,652571,4501295,,Jeff Petersen (NDOW),Nevada Deprtment of Wildlife,2017,Alyssa Benjamin,Plate 1,F10,
RD_RBFR_005,Relict Dace,,Franklin River,Ruby Valley,2017,7/19/17,FR-1,11,652571,4501295,,Jeff Petersen (NDOW),Nevada Deprtment of Wildlife,2017,Alyssa Benjamin,Plate 1,G10,
RD_RBFR_006,Relict Dace,,Franklin River,Ruby Valley,2017,7/19/17,FR-1,11,652571,4501295,,Jeff Petersen (NDOW),Nevada Deprtment of Wildlife,2017,Alyssa Benjamin,Plate 1,H10,
RD_RBFR_007,Relict Dace,,Franklin River,Ruby Valley,2017,7/19/17,FR-1,11,652571,4501295,,Jeff Petersen (NDOW),Nevada Deprtment of Wildlife,2017,Alyssa Benjamin,Plate 1,A11,
RD_RBFR_008,Relict Dace,,Franklin River,Ruby Valley,2017,7/19/17,FR-1,11,652571,4501295,,Jeff Petersen (NDOW),Nevada Deprtment of Wildlife,2017,Alyssa Benjamin,Plate 1,B11,
RD_RBFR_009,Relict Dace,,Franklin River,Ruby Valley,2017,7/19/17,FR-1,11,652571,4501295,,Jeff Petersen (NDOW),Nevada Deprtment of Wildlife,2017,Alyssa Benjamin,Plate 1,C11,
RD_RBFR_010,Relict Dace,,Franklin River,Ruby Valley,2017,7/19/17,FR-1,11,652571,4501295,,Jeff Petersen (NDOW),Nevada Deprtment of Wildlife,2017,Alyssa Benjamin,Plate 1,D11,
RD_RBFR_011,Relict Dace,,Franklin River,Ruby Valley,2017,7/19/17,FR-1,11,652571,4501295,,Jeff Petersen (NDOW),Nevada Deprtment of Wildlife,2017,Alyssa Benjamin,Plate 2,C10,
RD_RBFR_012,Relict Dace,,Franklin River,Ruby Valley,2017,7/19/17,FR-1,11,652571,4501295,,Jeff Petersen (NDOW),Nevada Deprtment of Wildlife,2017,Alyssa Benjamin,Plate 2,D10,
RD_RBFR_013,Relict Dace,,Franklin River,Ruby Valley,2017,7/19/17,FR-1,11,652571,4501295,,Jeff Petersen (NDOW),Nevada Deprtment of Wildlife,2017,Alyssa Benjamin,Plate 2,E10,
RD_RBFR_014,Relict Dace,,Franklin River,Ruby Valley,2017,7/19/17,FR-1,11,652571,4501295,,Jeff Petersen (NDOW),Nevada Deprtment of Wildlife,2017,Alyssa Benjamin,Plate 2,F10,
RD_RBFR_015,Relict Dace,,Franklin River,Ruby Valley,2017,7/19/17,FR-1,11,652571,4501295,,Jeff Petersen (NDOW),Nevada Deprtment of Wildlife,2017,Alyssa Benjamin,Plate 2,G10,
RD_RBFR_016,Relict Dace,,Franklin River,Ruby Valley,2017,7/19/17,FR-1,11,652571,4501295,,Jeff Petersen (NDOW),Nevada Deprtment of Wildlife,2017,Alyssa Benjamin,Plate 2,H10,
RD_RBFR_017,Relict Dace,,Franklin River,Ruby Valley,2017,7/19/17,FR-1,11,652571,4501295,,Jeff Petersen (NDOW),Nevada Deprtment of Wildlife,2017,Alyssa Benjamin,Plate 2,A11,
RD_RBFR_018,Relict Dace,,Franklin River,Ruby Valley,2017,7/19/17,FR-1,11,652571,4501295,,Jeff Petersen (NDOW),Nevada Deprtment of Wildlife,2017,Alyssa Benjamin,Plate 2,B11,
RD_RBFR_019,Relict Dace,,Franklin River,Ruby Valley,2017,7/19/17,FR-1,11,652571,4501295,,Jeff Petersen (NDOW),Nevada Deprtment of Wildlife,2017,Alyssa Benjamin,Plate 2,C11,
RD_RBFR_020,Relict Dace,,Franklin River,Ruby Valley,2017,7/19/17,FR-1,11,652571,4501295,,Jeff Petersen (NDOW),Nevada Deprtment of Wildlife,2017,Alyssa Benjamin,Plate 2,D11,
RD_RBRL_001,Relict Dace,,"Ruby Lake, Pond 226",Ruby Valley,2017,7/25/17,RL-1,11,625444,4437266,,Jeff Petersen (NDOW),Nevada Deprtment of Wildlife,2017,Alyssa Benjamin,Plate 3,C10,
RD_RBRL_002,Relict Dace,,"Ruby Lake, Pond 226",Ruby Valley,2017,7/25/17,RL-1,11,625444,4437266,,Jeff Petersen (NDOW),Nevada Deprtment of Wildlife,2017,Alyssa Benjamin,Plate 3,D10,
SD_RBRL_003,Speckled Dace,,"Ruby Lake, Pond 226",Ruby Valley,2017,7/25/17,RL-1,11,625444,4437266,,Jeff Petersen (NDOW),Nevada Deprtment of Wildlife,2017,Alyssa Benjamin,Plate 3,E10,"Likely misID, speckled dace"
SD_RBRL_004,Speckled Dace,,"Ruby Lake, Pond 226",Ruby Valley,2017,7/25/17,RL-1,11,625444,4437266,,Jeff Petersen (NDOW),Nevada Deprtment of Wildlife,2017,Alyssa Benjamin,Plate 3,F10,"Likely misID, speckled dace"
SD_RBRL_005,Speckled Dace,,"Ruby Lake, Pond 226",Ruby Valley,2017,7/25/17,RL-1,11,625444,4437266,,Jeff Petersen (NDOW),Nevada Deprtment of Wildlife,2017,Alyssa Benjamin,Plate 3,G10,"Likely misID, speckled dace"
RD_RBRL_006,Relict Dace,,"Ruby Lake, Pond 226",Ruby Valley,2017,7/25/17,RL-1,11,625444,4437266,,Jeff Petersen (NDOW),Nevada Deprtment of Wildlife,2017,Alyssa Benjamin,Plate 3,H10,
RD_RBRL_007,Relict Dace,,"Ruby Lake, Pond 226",Ruby Valley,2017,7/25/17,RL-1,11,625444,4437266,,Jeff Petersen (NDOW),Nevada Deprtment of Wildlife,2017,Alyssa Benjamin,Plate 3,A11,
SD_RBRL_008,Speckled Dace,,"Ruby Lake, Pond 226",Ruby Valley,2017,7/25/17,RL-1,11,625444,4437266,,Jeff Petersen (NDOW),Nevada Deprtment of Wildlife,2017,Alyssa Benjamin,Plate 3,B11,"Likely misID, speckled dace"
RD_RBRL_009,Relict Dace,,"Ruby Lake, Pond 226",Ruby Valley,2017,7/25/17,RL-1,11,625444,4437266,,Jeff Petersen (NDOW),Nevada Deprtment of Wildlife,2017,Alyssa Benjamin,Plate 3,C11,
RD_RBRL_010,Relict Dace,,"Ruby Lake, Pond 226",Ruby Valley,2017,7/25/17,RL-1,11,625444,4437266,,Jeff Petersen (NDOW),Nevada Deprtment of Wildlife,2017,Alyssa Benjamin,Plate 3,D11,
SD_RBRL_011,Speckled Dace,,"Ruby Lake, Pond 226",Ruby Valley,2017,7/25/17,RL-1,11,625444,4437266,,Jeff Petersen (NDOW),Nevada Deprtment of Wildlife,2017,Alyssa Benjamin,Plate 4,C10,"Likely misID, speckled dace"
SD_RBRL_012,Speckled Dace,,"Ruby Lake, Pond 226",Ruby Valley,2017,7/25/17,RL-1,11,625444,4437266,,Jeff Petersen (NDOW),Nevada Deprtment of Wildlife,2017,Alyssa Benjamin,Plate 4,D10,"Likely misID, speckled dace"
SD_RBRL_013,Speckled Dace,,"Ruby Lake, Pond 226",Ruby Valley,2017,7/25/17,RL-1,11,625444,4437266,,Jeff Petersen (NDOW),Nevada Deprtment of Wildlife,2017,Alyssa Benjamin,Plate 4,E10,"Likely misID, speckled dace"
RD_RBRL_014,Relict Dace,,"Ruby Lake, Pond 226",Ruby Valley,2017,7/25/17,RL-1,11,625444,4437266,,Jeff Petersen (NDOW),Nevada Deprtment of Wildlife,2017,Alyssa Benjamin,Plate 4,F10,
SD_RBRL_015,Speckled Dace,,"Ruby Lake, Pond 226",Ruby Valley,2017,7/25/17,RL-1,11,625444,4437266,,Jeff Petersen (NDOW),Nevada Deprtment of Wildlife,2017,Alyssa Benjamin,Plate 4,G10,"Likely misID, speckled dace"
SD_RBRL_016,Speckled Dace,,"Ruby Lake, Pond 226",Ruby Valley,2017,7/25/17,RL-1,11,625444,4437266,,Jeff Petersen (NDOW),Nevada Deprtment of Wildlife,2017,Alyssa Benjamin,Plate 4,H10,"Likely misID, speckled dace"
SD_RBRL_017,Speckled Dace,,"Ruby Lake, Pond 226",Ruby Valley,2017,7/25/17,RL-1,11,625444,4437266,,Jeff Petersen (NDOW),Nevada Deprtment of Wildlife,2017,Alyssa Benjamin,Plate 4,A11,"Likely misID, speckled dace"
SD_RBRL_018,Speckled Dace,,"Ruby Lake, Pond 226",Ruby Valley,2017,7/25/17,RL-1,11,625444,4437266,,Jeff Petersen (NDOW),Nevada Deprtment of Wildlife,2017,Alyssa Benjamin,Plate 4,B11,"Likely misID, speckled dace"
RD_RBRL_019,Relict Dace,,"Ruby Lake, Pond 226",Ruby Valley,2017,7/25/17,RL-1,11,625444,4437266,,Jeff Petersen (NDOW),Nevada Deprtment of Wildlife,2017,Alyssa Benjamin,Plate 4,C11,
SD_RBRL_020,Speckled Dace,,"Ruby Lake, Pond 226",Ruby Valley,2017,7/25/17,RL-1,11,625444,4437266,,Jeff Petersen (NDOW),Nevada Deprtment of Wildlife,2017,Alyssa Benjamin,Plate 4,D11,"Likely misID, speckled dace"
RD_SPSH_001,Relict Dace,,Stonehouse,Spring Valley,2017,5/17/17,RD22,11,710382,4406190,,Heath Korell (NDOW),Nevada Deprtment of Wildlife,2017,Alyssa Benjamin,Plate 1,E11,
RD_SPSH_002,Relict Dace,,Stonehouse,Spring Valley,2017,5/17/17,RD22,11,710382,4406190,,Heath Korell (NDOW),Nevada Deprtment of Wildlife,2017,Alyssa Benjamin,Plate 1,F11,
RD_SPSH_003,Relict Dace,,Stonehouse,Spring Valley,2017,5/17/17,RD22,11,710382,4406190,,Heath Korell (NDOW),Nevada Deprtment of Wildlife,2017,Alyssa Benjamin,Plate 1,G11,
RD_SPSH_004,Relict Dace,,Stonehouse,Spring Valley,2017,5/17/17,RD22,11,710382,4406190,,Heath Korell (NDOW),Nevada Deprtment of Wildlife,2017,Alyssa Benjamin,Plate 1,H11,
RD_SPSH_005,Relict Dace,,Stonehouse,Spring Valley,2017,5/17/17,RD22,11,710382,4406190,,Heath Korell (NDOW),Nevada Deprtment of Wildlife,2017,Alyssa Benjamin,Plate 1,A12,
RD_SPSH_006,Relict Dace,,Stonehouse,Spring Valley,2017,5/17/17,RD22,11,710382,4406190,,Heath Korell (NDOW),Nevada Deprtment of Wildlife,2017,Alyssa Benjamin,Plate 1,B12,
RD_SPSH_007,Relict Dace,,Stonehouse,Spring Valley,2017,5/17/17,RD22,11,710382,4406190,,Heath Korell (NDOW),Nevada Deprtment of Wildlife,2017,Alyssa Benjamin,Plate 1,C12,
RD_SPSH_008,Relict Dace,,Stonehouse,Spring Valley,2017,5/17/17,RD22,11,710382,4406190,,Heath Korell (NDOW),Nevada Deprtment of Wildlife,2017,Alyssa Benjamin,Plate 1,D12,
RD_SPSH_009,Relict Dace,,Stonehouse,Spring Valley,2017,5/17/17,RD22,11,710382,4406190,,Heath Korell (NDOW),Nevada Deprtment of Wildlife,2017,Alyssa Benjamin,Plate 1,E12,
RD_SPSH_010,Relict Dace,,Stonehouse,Spring Valley,2017,5/17/17,RD22,11,710382,4406190,,Heath Korell (NDOW),Nevada Deprtment of Wildlife,2017,Alyssa Benjamin,Plate 1,F12,
RD_SPSH_011,Relict Dace,,Stonehouse,Spring Valley,2017,5/17/17,RD22A,11,710226,4406622,,Heath Korell (NDOW),Nevada Deprtment of Wildlife,2017,Alyssa Benjamin,Plate 2,E11,
RD_SPSH_012,Relict Dace,,Stonehouse,Spring Valley,2017,5/17/17,RD22A,11,710226,4406622,,Heath Korell (NDOW),Nevada Deprtment of Wildlife,2017,Alyssa Benjamin,Plate 2,F11,
RD_SPSH_013,Relict Dace,,Stonehouse,Spring Valley,2017,5/17/17,RD22A,11,710226,4406622,,Heath Korell (NDOW),Nevada Deprtment of Wildlife,2017,Alyssa Benjamin,Plate 2,G11,
RD_SPSH_014,Relict Dace,,Stonehouse,Spring Valley,2017,5/17/17,RD22A,11,710226,4406622,,Heath Korell (NDOW),Nevada Deprtment of Wildlife,2017,Alyssa Benjamin,Plate 2,H11,
RD_SPSH_015,Relict Dace,,Stonehouse,Spring Valley,2017,5/17/17,RD22A,11,710226,4406622,,Heath Korell (NDOW),Nevada Deprtment of Wildlife,2017,Alyssa Benjamin,Plate 2,A12,
RD_SPSH_016,Relict Dace,,Stonehouse,Spring Valley,2017,5/17/17,RD22A,11,710226,4406622,,Heath Korell (NDOW),Nevada Deprtment of Wildlife,2017,Alyssa Benjamin,Plate 2,B12,
RD_SPSH_017,Relict Dace,,Stonehouse,Spring Valley,2017,5/17/17,RD22A,11,710226,4406622,,Heath Korell (NDOW),Nevada Deprtment of Wildlife,2017,Alyssa Benjamin,Plate 2,C12,
RD_SPSH_018,Relict Dace,,Stonehouse,Spring Valley,2017,5/17/17,RD22A,11,710226,4406622,,Heath Korell (NDOW),Nevada Deprtment of Wildlife,2017,Alyssa Benjamin,Plate 2,D12,
RD_SPSH_019,Relict Dace,,Stonehouse,Spring Valley,2017,5/17/17,RD22A,11,710226,4406622,,Heath Korell (NDOW),Nevada Deprtment of Wildlife,2017,Alyssa Benjamin,Plate 2,E12,
RD_SPSH_020,Relict Dace,,Stonehouse,Spring Valley,2017,5/17/17,RD22A,11,710226,4406622,,Heath Korell (NDOW),Nevada Deprtment of Wildlife,2017,Alyssa Benjamin,Plate 2,F12,
RD_SPKR_001,Relict Dace,,Keegan Ranch,Spring Valley,2017,5/17/17,RD21A,11,715479,4368865,,Heath Korell (NDOW),Nevada Deprtment of Wildlife,2017,Alyssa Benjamin,Plate 3,E11,
RD_SPKR_002,Relict Dace,,Keegan Ranch,Spring Valley,2017,5/17/17,RD21A,11,715479,4368865,,Heath Korell (NDOW),Nevada Deprtment of Wildlife,2017,Alyssa Benjamin,Plate 3,F11,
RD_SPKR_003,Relict Dace,,Keegan Ranch,Spring Valley,2017,5/17/17,RD21A,11,715479,4368865,,Heath Korell (NDOW),Nevada Deprtment of Wildlife,2017,Alyssa Benjamin,Plate 3,G11,
RD_SPKR_004,Relict Dace,,Keegan Ranch,Spring Valley,2017,5/17/17,RD21A,11,715479,4368865,,Heath Korell (NDOW),Nevada Deprtment of Wildlife,2017,Alyssa Benjamin,Plate 3,H11,
RD_SPKR_005,Relict Dace,,Keegan Ranch,Spring Valley,2017,5/17/17,RD21A,11,715479,4368865,,Heath Korell (NDOW),Nevada Deprtment of Wildlife,2017,Alyssa Benjamin,Plate 3,A12,
RD_SPKR_006,Relict Dace,,Keegan Ranch,Spring Valley,2017,5/17/17,RD21A,11,715479,4368865,,Heath Korell (NDOW),Nevada Deprtment of Wildlife,2017,Alyssa Benjamin,Plate 3,B12,
RD_SPKR_007,Relict Dace,,Keegan Ranch,Spring Valley,2017,5/17/17,RD21A,11,715479,4368865,,Heath Korell (NDOW),Nevada Deprtment of Wildlife,2017,Alyssa Benjamin,Plate 3,C12,
RD_SPKR_008,Relict Dace,,Keegan Ranch,Spring Valley,2017,5/17/17,RD21A,11,715479,4368865,,Heath Korell (NDOW),Nevada Deprtment of Wildlife,2017,Alyssa Benjamin,Plate 3,D12,
RD_SPKR_009,Relict Dace,,Keegan Ranch,Spring Valley,2017,5/17/17,RD21A,11,715479,4368865,,Heath Korell (NDOW),Nevada Deprtment of Wildlife,2017,Alyssa Benjamin,Plate 3,E12,
RD_SPKR_010,Relict Dace,,Keegan Ranch,Spring Valley,2017,5/17/17,RD21A,11,715479,4368865,,Heath Korell (NDOW),Nevada Deprtment of Wildlife,2017,Alyssa Benjamin,Plate 3,F12,
RD_SPKR_011,Relict Dace,,Keegan Ranch,Spring Valley,2017,5/17/17,RD21BT1,11,715438,4369385,,Heath Korell (NDOW),Nevada Deprtment of Wildlife,2017,Alyssa Benjamin,Plate 4,E11,
RD_SPKR_012,Relict Dace,,Keegan Ranch,Spring Valley,2017,5/17/17,RD21BT1,11,715438,4369385,,Heath Korell (NDOW),Nevada Deprtment of Wildlife,2017,Alyssa Benjamin,Plate 4,F11,
RD_SPKR_013,Relict Dace,,Keegan Ranch,Spring Valley,2017,5/17/17,RD21BT1,11,715438,4369385,,Heath Korell (NDOW),Nevada Deprtment of Wildlife,2017,Alyssa Benjamin,Plate 4,G11,
RD_SPKR_014,Relict Dace,,Keegan Ranch,Spring Valley,2017,5/17/17,RD21BT1,11,715438,4369385,,Heath Korell (NDOW),Nevada Deprtment of Wildlife,2017,Alyssa Benjamin,Plate 4,H11,
RD_SPKR_015,Relict Dace,,Keegan Ranch,Spring Valley,2017,5/17/17,RD21BT1,11,715438,4369385,,Heath Korell (NDOW),Nevada Deprtment of Wildlife,2017,Alyssa Benjamin,Plate 4,A12,
RD_SPKR_016,Relict Dace,,Keegan Ranch,Spring Valley,2017,5/17/17,RD21BT1,11,715438,4369385,,Heath Korell (NDOW),Nevada Deprtment of Wildlife,2017,Alyssa Benjamin,Plate 4,B12,
RD_SPKR_017,Relict Dace,,Keegan Ranch,Spring Valley,2017,5/17/17,RD21BT1,11,715438,4369385,,Heath Korell (NDOW),Nevada Deprtment of Wildlife,2017,Alyssa Benjamin,Plate 4,C12,
RD_SPKR_018,Relict Dace,,Keegan Ranch,Spring Valley,2017,5/17/17,RD21BT1,11,715438,4369385,,Heath Korell (NDOW),Nevada Deprtment of Wildlife,2017,Alyssa Benjamin,Plate 4,D12,
RD_SPKR_019,Relict Dace,,Keegan Ranch,Spring Valley,2017,5/17/17,RD21BT1,11,715438,4369385,,Heath Korell (NDOW),Nevada Deprtment of Wildlife,2017,Alyssa Benjamin,Plate 4,E12,
RD_SPKR_020,Relict Dace,,Keegan Ranch,Spring Valley,2017,5/17/17,RD21BT1,11,715438,4369385,,Heath Korell (NDOW),Nevada Deprtment of Wildlife,2017,Alyssa Benjamin,Plate 4,F12,
RD_RBFL_001,Relict Dace,,Franklin Lake,Ruby Valley,2017,9/14/17,FLS,11,633495,4466496,,Jeff Petersen (NDOW),Nevada Deprtment of Wildlife,2017,Alyssa Benjamin,Plate 5,A1,
RD_RBFL_002,Relict Dace,,Franklin Lake,Ruby Valley,2017,9/14/17,FLS,11,633495,4466496,,Jeff Petersen (NDOW),Nevada Deprtment of Wildlife,2017,Alyssa Benjamin,Plate 5,B1,
RD_RBFL_003,Relict Dace,,Franklin Lake,Ruby Valley,2017,9/14/17,FLS,11,633495,4466496,,Jeff Petersen (NDOW),Nevada Deprtment of Wildlife,2017,Alyssa Benjamin,Plate 5,C1,
RD_RBFL_004,Relict Dace,,Franklin Lake,Ruby Valley,2017,9/14/17,FLS,11,633495,4466496,,Jeff Petersen (NDOW),Nevada Deprtment of Wildlife,2017,Alyssa Benjamin,Plate 5,D1,
RD_RBFL_005,Relict Dace,,Franklin Lake,Ruby Valley,2017,9/14/17,FLS,11,633495,4466496,,Jeff Petersen (NDOW),Nevada Deprtment of Wildlife,2017,Alyssa Benjamin,Plate 5,E1,
RD_RBFL_006,Relict Dace,,Franklin Lake,Ruby Valley,2017,9/14/17,FLS,11,633495,4466496,,Jeff Petersen (NDOW),Nevada Deprtment of Wildlife,2017,Alyssa Benjamin,Plate 5,F1,
RD_RBFL_007,Relict Dace,,Franklin Lake,Ruby Valley,2017,9/14/17,FLS,11,633495,4466496,,Jeff Petersen (NDOW),Nevada Deprtment of Wildlife,2017,Alyssa Benjamin,Plate 5,G1,
RD_RBFL_008,Relict Dace,,Franklin Lake,Ruby Valley,2017,9/14/17,FLS,11,633495,4466496,,Jeff Petersen (NDOW),Nevada Deprtment of Wildlife,2017,Alyssa Benjamin,Plate 5,H1,
RD_RBFL_009,Relict Dace,,Franklin Lake,Ruby Valley,2017,9/14/17,FLS,11,633495,4466496,,Jeff Petersen (NDOW),Nevada Deprtment of Wildlife,2017,Alyssa Benjamin,Plate 5,A2,
RD_RBFL_010,Relict Dace,,Franklin Lake,Ruby Valley,2017,9/14/17,FLS,11,633495,4466496,,Jeff Petersen (NDOW),Nevada Deprtment of Wildlife,2017,Alyssa Benjamin,Plate 5,B2,
RD_RBFL_011,Relict Dace,,Franklin Lake,Ruby Valley,2017,9/14/17,FLS,11,633495,4466496,,Jeff Petersen (NDOW),Nevada Deprtment of Wildlife,2017,Alyssa Benjamin,Plate 5,C2,
RD_RBFL_012,Relict Dace,,Franklin Lake,Ruby Valley,2017,9/14/17,FLS,11,633495,4466496,,Jeff Petersen (NDOW),Nevada Deprtment of Wildlife,2017,Alyssa Benjamin,Plate 5,D2,
RD_RBFL_013,Relict Dace,,Franklin Lake,Ruby Valley,2017,9/14/17,FLS,11,633495,4466496,,Jeff Petersen (NDOW),Nevada Deprtment of Wildlife,2017,Alyssa Benjamin,Plate 5,E2,
RD_RBFL_014,Relict Dace,,Franklin Lake,Ruby Valley,2017,9/14/17,FLS,11,633495,4466496,,Jeff Petersen (NDOW),Nevada Deprtment of Wildlife,2017,Alyssa Benjamin,Plate 5,F2,
RD_RBFL_015,Relict Dace,,Franklin Lake,Ruby Valley,2017,9/14/17,FLS,11,633495,4466496,,Jeff Petersen (NDOW),Nevada Deprtment of Wildlife,2017,Alyssa Benjamin,Plate 5,G2,
RD_RBFL_016,Relict Dace,,Franklin Lake,Ruby Valley,2017,9/14/17,FLS,11,633495,4466496,,Jeff Petersen (NDOW),Nevada Deprtment of Wildlife,2017,Alyssa Benjamin,Plate 5,H2,Concentrated DNA
RD_RBFL_017,Relict Dace,,Franklin Lake,Ruby Valley,2017,9/14/17,FLS,11,633495,4466496,,Jeff Petersen (NDOW),Nevada Deprtment of Wildlife,2017,Alyssa Benjamin,Plate 5,A3,
RD_RBFL_018,Relict Dace,,Franklin Lake,Ruby Valley,2017,9/14/17,FLS,11,633495,4466496,,Jeff Petersen (NDOW),Nevada Deprtment of Wildlife,2017,Alyssa Benjamin,Plate 5,B3,
RD_RBFL_019,Relict Dace,,Franklin Lake,Ruby Valley,2017,9/14/17,FLS,11,633495,4466496,,Jeff Petersen (NDOW),Nevada Deprtment of Wildlife,2017,Alyssa Benjamin,Plate 5,C3,
RD_RBFL_020,Relict Dace,,Franklin Lake,Ruby Valley,2017,9/14/17,FLS,11,633495,4466496,,Jeff Petersen (NDOW),Nevada Deprtment of Wildlife,2017,Alyssa Benjamin,Plate 5,D3,Concentrated DNA
RD_RBRL_021,Relict Dace,,"Ruby Lake, Pond 246",Ruby Valley,2017,9/14/17,RLS,11,625494,4437359,,Jeff Petersen (NDOW),Nevada Deprtment of Wildlife,2017,Alyssa Benjamin,Plate 5,E3,
RD_RBRL_022,Relict Dace,,"Ruby Lake, Pond 246",Ruby Valley,2017,9/14/17,RLS,11,625494,4437359,,Jeff Petersen (NDOW),Nevada Deprtment of Wildlife,2017,Alyssa Benjamin,Plate 5,F3,Concentrated DNA
RD_RBRL_023,Relict Dace,,"Ruby Lake, Pond 246",Ruby Valley,2017,9/14/17,RLS,11,625494,4437359,,Jeff Petersen (NDOW),Nevada Deprtment of Wildlife,2017,Alyssa Benjamin,Plate 5,G3,Concentrated DNA
RD_RBRL_024,Relict Dace,,"Ruby Lake, Pond 246",Ruby Valley,2017,9/14/17,RLS,11,625494,4437359,,Jeff Petersen (NDOW),Nevada Deprtment of Wildlife,2017,Alyssa Benjamin,Plate 5,H3,
RD_RBRL_025,Relict Dace,,"Ruby Lake, Pond 246",Ruby Valley,2017,9/14/17,RLS,11,625494,4437359,,Jeff Petersen (NDOW),Nevada Deprtment of Wildlife,2017,Alyssa Benjamin,Plate 5,A4,
RD_RBRL_026,Relict Dace,,"Ruby Lake, Pond 246",Ruby Valley,2017,9/14/17,RLS,11,625494,4437359,,Jeff Petersen (NDOW),Nevada Deprtment of Wildlife,2017,Alyssa Benjamin,Plate 5,B4,
RD_RBRL_027,Relict Dace,,"Ruby Lake, Pond 246",Ruby Valley,2017,9/14/17,RLS,11,625494,4437359,,Jeff Petersen (NDOW),Nevada Deprtment of Wildlife,2017,Alyssa Benjamin,Plate 5,C4,
RD_RBRL_028,Relict Dace,,"Ruby Lake, Pond 246",Ruby Valley,2017,9/14/17,RLS,11,625494,4437359,,Jeff Petersen (NDOW),Nevada Deprtment of Wildlife,2017,Alyssa Benjamin,Plate 5,D4,Concentrated DNA
RD_RBRL_029,Relict Dace,,"Ruby Lake, Pond 246",Ruby Valley,2017,9/14/17,RLS,11,625494,4437359,,Jeff Petersen (NDOW),Nevada Deprtment of Wildlife,2017,Alyssa Benjamin,Plate 5,E4,
RD_RBRL_030,Relict Dace,,"Ruby Lake, Pond 246",Ruby Valley,2017,9/14/17,RLS,11,625494,4437359,,Jeff Petersen (NDOW),Nevada Deprtment of Wildlife,2017,Alyssa Benjamin,Plate 5,F4,Concentrated DNA
RD_RBRL_031,Relict Dace,,"Ruby Lake, Pond 246",Ruby Valley,2017,9/14/17,RLS,11,625494,4437359,,Jeff Petersen (NDOW),Nevada Deprtment of Wildlife,2017,Alyssa Benjamin,Plate 5,G4,Concentrated DNA
RD_RBRL_032,Relict Dace,,"Ruby Lake, Pond 246",Ruby Valley,2017,9/14/17,RLS,11,625494,4437359,,Jeff Petersen (NDOW),Nevada Deprtment of Wildlife,2017,Alyssa Benjamin,Plate 5,H4,Concentrated DNA
SD_SDHR_001,Speckled Dace,,Humboldt River,,,,,,,,,,,2017,Alyssa Benjamin,,,From Jason/Sean (Hum2)
SD_SDHR_002,Speckled Dace,,Humboldt River,,,,,,,,,,,2017,Alyssa Benjamin,,,From Jason/Sean (Hum3)
SD_SDWR_001,Speckled Dace,,Walker River,,,,,,,,,,,2017,Alyssa Benjamin,,,From Jason/Sean (Walk1)
SD_SDWR_002,Speckled Dace,,Walker River,,,,,,,,,,,2017,Alyssa Benjamin,,,From Jason/Sean (Walk2)
TC_TCCD_001,Owens Tui Chub,,CD Spring,,2015,,,,,,,Steve Parmenter (CDFW),California Department of Wildlife,2017,Alyssa Benjamin,,,From 2015 Tui Chub project
TC_TCCD_002,Owens Tui Chub,,CD Spring,,2015,,,,,,,Steve Parmenter (CDFW),California Department of Wildlife,2017,Alyssa Benjamin,,,From 2015 Tui Chub project
TC_TCCD_003,Owens Tui Chub,,CD Spring,,2015,,,,,,,Steve Parmenter (CDFW),California Department of Wildlife,2017,Alyssa Benjamin,,,From 2015 Tui Chub project
TC_TCCD_004,Owens Tui Chub,,CD Spring,,2015,,,,,,,Steve Parmenter (CDFW),California Department of Wildlife,2017,Alyssa Benjamin,,,From 2015 Tui Chub project